firm_uei,firm_name,rank,model_score,award_link,sbir_phase,sbir_award_year,sbir_award_title,sbir_contract,sbir_topic,sbir_abstract_snippet,notice_year,gap_years,notice_text_snippet,transition_confirmed,reviewer,notes,notice_owner_is_this_firm
C4Y5CNN55L37,INTELLISENSE SYSTEMS INC,1,1.0,id_cited,Phase II,2014,Optical Wave Guide Integrated Weather Sensor,FA8651-14-C-0132,SOCOM10-006,ABSTRACT:  Physical Optics Corporation (POC) seeks to meet the need of an Air Force Special Operations Command (AFSOC) deficiency by fielding a capable remote expendable reporting environmental sensor that will greatly enhance the AFSOC Special Operation Weather Teams (SOWTs) ability to provide time,2021,7,"SMALL BUSINESS INNOVATION RESEARCH (SBIR) PHASE III JUSTIFICATION & APPROVAL FOR USE OF OTHER THAN FULL AND OPEN COMPETITION 1. Contracting Activity. Naval Air Warfare Center Aircraft Division (NAWC-AD) Lakehurst, NJ 2. Nature/Description of the Action Being Approved. This is a justification to award a Small Business Innovation Research (SBIR) Phase III contract to Physical Optics Corporation (POC",Unknown,,Same company but not sure if same tech,0
C4Y5CNN55L37,INTELLISENSE SYSTEMS INC,2,0.999,id_cited,Phase II,2019,Revolutionary Avionics Display System,FA8650-19-C-6031,AF151-020,"To address the Air Forceâ€™s need for a form-fit-function replacement Video Display Terminal (VDT), Physical Optics Corporation (POC) proposes to logically extend the achievements accomplished in the Revolutionary Avionics Display Phase II Enhancement (RAD-IIE) contract by executing the MC-130J Vide",2024,5,"To Whom it May Concern: This reference is made to the proposal submitted by Progeny System Corporation in response to Solicitation Number N6134022R0074. You are hereby notified that Progeny System Corporation was awarded a $26,340,567.00 cost-plus-fixed-fee contract including options. This contract provides for the Surface Training Readiness Management System (STRMS) design, development and delive",Unknown,,How did this move from intelligence system to progeny?,0
C4Y5CNN55L37,INTELLISENSE SYSTEMS INC,3,0.808,absim 0.29,Phase I,2022,Neural Network for Object Tracking in Congested Environments,HQ0860-22-C-7817,MDA22-006,"Intellisense Systems, Inc. (Intellisense) proposes to develop a new Neural Network for Object Tracking in Congested Environments (NOTICE). NOTICE innovatively utilizes a combination of neural networks to identify and classify cooperative, non-cooperative, or deliberately deceptive targets in the fie",2024,2,"****UPDATE TO SPECIAL NOTICE POSTED ON 4 JANUARY 2024. DUE TO CONNECTIVITY DISRUPTIONS WITH THE AAL WHITE PAPER SUBMISSION PORTAL, THE DUE DATE FOR THIS SPECIAL NOTICE TITLED MODULAR ELECTROMAGNETIC WARFARE PAYLOAD IS BEING EXTENDED UNTIL 1159 AM CST ON 12 FEBRUARY 2024. WHITE PAPERS SHALL BE SUBMITTED VIA EMAIL TO RICKEY.B.ROYAL.MIL@ARMY.MIL. VENDORS WILL RECEIVE A CONFIRMATION REPONSE WHEN THEIR",N,,,0
DJ72XMAJLNL4,"BENTHOS, INC.",1,0.806,absim 0.28,Phase I,2005,Underwater Acoustic Communications,N00014-05-M-0222,N05-T022,"This proposal is concerned with the development of very long range acoustic communications (acomms) with submerged submarines with towed arrays .  To achieve long ranges, we must move down from our conventional signaling above 10 kHz, to a frequency regime which imposes little attenuation on the sig",2020,15,Few-shot Learning via Domain Adaptation of Imperfectly Modeled Sonar Data to Real Sonar Data,Y,,,0
DJ72XMAJLNL4,"BENTHOS, INC.",2,0.39,absim 0.20,Phase I,1992,DEVELOPMENT OF A SUBMARINE INSPECTION REMOTELY OPERATED VEHICLE,,,"Benthos, a leader in the development of Remotely Operated Vehicle (ROV) systems, has conceptualized a miniature ROV system capable of providing a method of inspecting and maintaining submarine systems and components located in free flood areas while the submarine remains waterborne. Important advant",2023,31,"The Office of Naval Research (ONR) is interested in receiving white papers and full proposals for development of advanced technologies for low-observable/no-collateral damage neutralization of underwater mines and waterborne improvised explosive devices (WBIEDs). This research opportunity description provides: A) Program information (motivation, goals, and background); B) An operational vignette t",unknown,,Need more of the funding event information to be sure,0
DJ72XMAJLNL4,"BENTHOS, INC.",3,0.175,absim 0.13,Phase I,1992,DEVELOPMENT OF AN UNMANNED GROUND VEHICLE LOCOMOTION SYSTEM,,,"BENTHOS, A WORLD LEADER IN THE DEVELOPMENT OF REMOTELY OPERATED VEHICLE (ROV) SYSTEMS, HAS CONCEIVED A VEHICLE LOCOMOTION SYSTEM THAT CAN SIGNIFICANTLY IMPROVE SMALL UNMANNED VEHICLE MOBILITY, PERFORMANCE AND STABILITY BY ELIMINATING THE DISADVANTAGES OF WHEELED AND TREADED SYSTEMS. ESSENTIAL TO THE",2016,24,"The Marine Corps Systems Command awarded a fixed-price, sole-source, SIBR Phase III, 60-month (5, 12-month periods of performance), IDIQ contract to GS Engineering, Inc., Houghton, MI 49931 for the procurement of up to 1,162 wheel bank assemblies, support equipment associated with the assemblies, and support services for the assemblies. The wheel bank assemblies support a continiung requirement wi",N,,This isn’t even the same company,0
DMMUDNRTD773,"Dolphin Technology, Inc.",1,0.121,absim 0.12,Phase II,2005,XML Guard,FA8750-05-C-0059,AF04-094,"In today’s inter-connected, global community the need for collaborative information sharing between organizations is critical. Release restrictions manifested by document labels such as “Top Secret”, “Secret”, “For Official Use Only”, “For Internal Use Only”, “Law Enforcement Sensitive”, and “Privac",2025,20,"THIS IS A SOURCES SOUGHT NOTICE ONLY. THIS IS NOT A REQUEST FOR PROPOSALS. THIS SOURCES SOUGHT NOTICE IS PUBLISHED FOR MARKET RESEARCH PURPOSES ONLY. THE GOVERNMENT IS NOT SEEKING OR ACCEPTING UNSOLICITED PROPOSALS. This Sources Sought/Request for Information notice (as authorized by FAR 15.201) is issued by the Naval Sea Systems Command (NAVSEA), in support of Program Executive Office Undersea Wa",N,,,0
DMMUDNRTD773,"Dolphin Technology, Inc.",2,0.098,absim 0.11,Phase I,2004,XML Guard,FA8750-04-C-0180,AF04-094,"The adoption of XML as the underlying paradigm by which a wide range of commercial, Government and Military systems communicate is fundamentally changing the way in which systems interact. Since many mission critical data flows for government, DoD, and commercial systems occur across security domain",2022,18,"The Naval Undersea Warfare Center Division, Newport (NUWCDIVNPT) intends to award, on a sole source basis under the authority of 10 U.S.C. 2304(b)(2), a Cost Plus Fixed Fee (CPFF), Indefinite Delivery, Indefinite Quantity type contract to Systems Engineering Associates Corporation (SEA CORP), CAGE Code 2V276, Middletown, RI 02842. This requirement is for the continued development, upgrade, and app",N,,,0
DMMUDNRTD773,"Dolphin Technology, Inc.",3,0.093,absim 0.09,Phase II,2005,XML Guard,FA8750-05-C-0059,AF04-094,"In today’s inter-connected, global community the need for collaborative information sharing between organizations is critical. Release restrictions manifested by document labels such as “Top Secret”, “Secret”, “For Official Use Only”, “For Internal Use Only”, “Law Enforcement Sensitive”, and “Privac",2023,18,"The contract is to design, develop, manufacture, document, certify, and deliver the two (2) NSR-SDR-MUOS Beyond Line of Sight (BLOS) functional terminals. This contract is being awarded as an SBIR Phase III as a result of the FY19 RIF BAA HQ0034-19-BAA-RIF-0001 issued the Washington Headquarters Services, on behalf of the DoD. The title of the effort is: Assured Communications for Cross-Domain Net",N,,,0
DMPKMH1MFSQ1,"SEACORP, LLC",1,0.772,absim 0.32,Phase I,2015,Next Generation Electronic Warfare Human Machine Interface (HMI) for Submarines,N00024-15-P-4508,N151-036,Electronic Warfare (EW) systems Human Machine Interface (HMI) is used to classify and correlate electronic emissions. The HMI must maximize operator efficiency and support effective decision making and must create a workspace that reduces the operator?s manual interaction with the system. In order t,2024,9,Please see attached Solicitation # N6660421R0073 for this SBIR Phase III EW HMI sole source requirement.,Y,,,1
DMPKMH1MFSQ1,"SEACORP, LLC",2,0.526,absim 0.26,Phase I,2020,(5) NAVY TECHNOLOGY ACCELERATION - Unmanned Surface Vehicle (USV) and Unmanned Underwater,N68335-20-F-0116,N193-A02,"The Navy has identified a need for improvements to autonomous behavior of Unmanned Surface Vehicles (USV) and Unmanned Underwater Vehicles (UUV), specifically in the Focus Area of classification of encountered surface and subsurface vessels. System Engineering Associates Corporation (SEA CORP) propo",2022,2,"The Naval Undersea Warfare Center Division, Newport (NUWCDIVNPT) intends to award, on a sole source basis under the authority of 10 U.S.C. 2304(b)(2), a Cost Plus Fixed Fee (CPFF), Indefinite Delivery, Indefinite Quantity type contract to Systems Engineering Associates Corporation (SEA CORP), CAGE Code 2V276, Middletown, RI 02842. This requirement is for the continued development, upgrade, and app",Unk,,Not enough info in notice text snippet,1
DMPKMH1MFSQ1,"SEACORP, LLC",3,0.518,id_cited,Phase I,2020,(5) NAVY TECHNOLOGY ACCELERATION - Unmanned Surface Vehicle (USV) and Unmanned Underwater,N68335-20-F-0116,N193-A02,"The Navy has identified a need for improvements to autonomous behavior of Unmanned Surface Vehicles (USV) and Unmanned Underwater Vehicles (UUV), specifically in the Focus Area of classification of encountered surface and subsurface vessels. System Engineering Associates Corporation (SEA CORP) propo",2021,1,"The Naval Undersea Warfare Center Division, Newport (NUWCDIVNPT) intends to award, on a sole source basis under the authority of 10 U.S.C. 2304(c)(5) and NAICS 541712, a Cost Plus Fixed Fee (CPFF), Indefinite Delivery, Indefinite Quantity type contract to Systems Engineering Associates Corporation (SEACORP), CAGE Code 2V276, Middletown, RI. This requirement is to support the continued development,",Unk,,Not enough info in notice text snippet,1
DXQNDRLMNY25,GS ENGINEERING INC,1,0.412,absim 0.20,Phase I,2012,HMMWV Variable Vehicle Cone Index (VCI),M67854-12-C-6543,N121-002,The Marine Corps in support of the war fighter has identified the need to increase the mobility of the HMMWV platform to conform to the ORD. As operational theaters constantly change and require the HMMWV platform to operate in soils that have a RCI less than the current vehicle VCI the overall abil,2016,4,"The Marine Corps Systems Command awarded a fixed-price, sole-source, SIBR Phase III, 60-month (5, 12-month periods of performance), IDIQ contract to GS Engineering, Inc., Houghton, MI 49931 for the procurement of up to 1,162 wheel bank assemblies, support equipment associated with the assemblies, and support services for the assemblies. The wheel bank assemblies support a continiung requirement wi",unk,,,1
DXQNDRLMNY25,GS ENGINEERING INC,2,0.412,absim 0.20,Phase I,2012,HMMWV Variable Vehicle Cone Index (VCI),M67854-12-C-6543,N121-002,The Marine Corps in support of the war fighter has identified the need to increase the mobility of the HMMWV platform to conform to the ORD. As operational theaters constantly change and require the HMMWV platform to operate in soils that have a RCI less than the current vehicle VCI the overall abil,2016,4,"The Marine Corps Systems Command awarded a fixed-price, sole-source, SIBR Phase III, 60-month (5, 12-month periods of performance), IDIQ contract to GS Engineering, Inc., Houghton, MI 49931 for the procurement of up to 1,162 wheel bank assemblies, support equipment associated with the assemblies, and support services for the assemblies. The wheel bank assemblies support a continiung requirement wi",unk,,,1
DXQNDRLMNY25,GS ENGINEERING INC,3,0.17,absim 0.13,Phase I,2014,High Performance Marine Diesel Closed Coolant System for High Speed Combatant Craft,H92222-15-P-0005,SOCOM14-005,USSOCOM has expressed a desire to prevent the clogging of the seawater intakes aboard the SOC-R craft by exploring a closed-loop cooling system that does not require the use of off-board raw water. The desired solution will not degrade the current SOC-R craft capabilities by creating drag or causing,2025,11,Closed Loop Sedation and Anesthesia Delivery System for ACCS Delivery System for ACCS,N,,,0
E11VKLMGHB65,PIASECKI AIRCRAFT CORP,1,0.536,absim 0.25,Phase II,2022,Morphing Duct Technology for High Speed VTOL,FA8649-22-P-0795,AFX20D-TCSO1,"Piasecki Aircraft Corporation, with the Ohio State University and Applied Impulse Incorporated propose designing a Morphing Duct for tilting ducted rotor High-Speed Vertical Take-Off and Landing (HSVTOL) vehicles. The Morphing Duct will use Shape Memory Alloy (SMA) wire actuators attached to the duc",2025,3,Employ the characteristics of atmospheric ducting and its effects on RF propagation to categorize the elevation of an overwater RF emitter as being within the duct or above the duct.,unk,,,0
E11VKLMGHB65,PIASECKI AIRCRAFT CORP,2,0.085,absim 0.12,Phase I,2014,Innovative CH-53K Cargo Floor System,N68335-15-C-0005,N142-103,"Piasecki Aircraft Corporation (PiAC) proposes to develop an innovative cargo floor of Aluminum Isogrid construction that maintains durability while cutting the weight by a third from 1500lb to 1030lb. This design cuts floor panel numbers from 54 to 24, resulting in reduced maintenance labor. The des",2017,3,This award is for the purpose of maturing and validating the MD7 system such that it can be fielded on teh CH-53K at the completion of the contract.,N,,,0
E11VKLMGHB65,PIASECKI AIRCRAFT CORP,3,0.084,absim 0.09,Phase I,2014,Innovative CH-53K Cargo Floor System,N68335-15-C-0005,N142-103,"Piasecki Aircraft Corporation (PiAC) proposes to develop an innovative cargo floor of Aluminum Isogrid construction that maintains durability while cutting the weight by a third from 1500lb to 1030lb. This design cuts floor panel numbers from 54 to 24, resulting in reduced maintenance labor. The des",2015,1,"The Naval Air Systems Command (NAVAIR) awarded Delvivery Order, N00019-22-F-1203 in support of the H-53K Aviation Logistics Environment (ALE), FY22 Sustainment effort, under BOA N00019-19-G-0029 to Sikorsky Aircraft Corporation, a Lockheed Martin Company, of 6900 Main St., Stratford, CT 06615-9129, on an other than full and open competitive basis to support the mission of PMA 261 CH-53K Heavy Lift",N,,This is going to sikorski,0
E8DSSW3WNF34,"Weidlinger Associates, Inc.",1,0.044,absim 0.07,Phase I,2015,Submarine Component Design Tool to Assess Relative Resistance to High Intensity Loading,N00024-15-P-4557,N151-045,"Component acceptance by a shock Qualification by Extension (QBE) process takes advantage of the similarities between a candidate equipment item and previously qualified components to save cost, while continuing to mitigate risk attributed to high-intensity shock. WAI will develop a software tool whi",2024,9,"Defense Logistics Agency (DLA) Aviation is issuing this Sources Sought Notice as a means of conducting market research to determine if other companies are capable of manufacturing (or legitimately obtaining) the following item 2840-01-127-3200, Seal, Labyrinth. This item is currently manufactured by the sources below. Mentis Sciences Inc. (Cage 1DAD1) under part numbers 118303-13-000 and 34633 Wil",N,,,0
E8DSSW3WNF34,"Weidlinger Associates, Inc.",2,0.028,absim 0.03,Phase I,2015,Submarine Component Design Tool to Assess Relative Resistance to High Intensity Loading,N00024-15-P-4557,N151-045,"Component acceptance by a shock Qualification by Extension (QBE) process takes advantage of the similarities between a candidate equipment item and previously qualified components to save cost, while continuing to mitigate risk attributed to high-intensity shock. WAI will develop a software tool whi",2023,8,"This awarded sole source order is for Software Acquisition Management Support. Additional information can be found in the redacted Justification and Approval (J&A), attached.",N,,,0
E8DSSW3WNF34,"Weidlinger Associates, Inc.",3,0.028,absim 0.04,Phase I,2015,Submarine Component Design Tool to Assess Relative Resistance to High Intensity Loading,N00024-15-P-4557,N151-045,"Component acceptance by a shock Qualification by Extension (QBE) process takes advantage of the similarities between a candidate equipment item and previously qualified components to save cost, while continuing to mitigate risk attributed to high-intensity shock. WAI will develop a software tool whi",2017,2,"The Naval Undersea Warfare Center Divison, Newport (NUWCDIVNPT) is responsible for the engineering evaluation of various naval platforms. NUWCDIVNPT Code 85 has a requirement for engineering and technical services in developing Analytic Acoustic Models (AAM) and Finite Element Models (FEM) and conducting analyses/assessments of naval platforms, as well as equipment and systems within. Innovative h",unknown,,,0
FQ98KK1G9199,FREEDOM PHOTONICS LLC,1,0.839,id_cited,Phase I,2015,"Rugged, Uncooled, Monolithic Analog Optical Transmitter at 1 um",N68335-15-C-0398,N152-085,"In this program, Freedom Photonics will develop a Galium Arsenide based uncooled integrated analog transmitter for use in microwave photonic links.",2022,7,"SMALL BUSINESS INNOVATION RESEARCH (SBIR) PHASE III JUSTIFICATION & APPROVAL FOR USE OF OTHER THAN FULL AND OPEN COMPETITION 1. Contracting Activity. Naval Air Warfare Center Aircraft Division (NAWC-AD) Lakehurst, NJ 2. Nature/Description of the Action Being Approved. This is a justification to award a Small Business Innovation Research (SBIR) Phase III contract to Freedom Photonics LLC, Goleta, C",unknown,,"It’s definitely going to the same company, but not sure if it’s the same technology",1
FQ98KK1G9199,FREEDOM PHOTONICS LLC,2,0.315,absim 0.16,Phase I,2013,100GBit/s Low Drive voltage Multi-Quantum Well Nanowire modulator,N68335-13-C-0381,N13A-T005,In this Phase I Small Business Innovative Research project we will be developing extremely efficient (,2021,8,"This action is a result of previous Other Transaction Agreement (OTA). Vertex (incumbent, Woman Owned Small Business) will receive a Small Business Innovative Research (SBIR) Phase III prototype, FAR based, contract to deliver future/maintain current prototype devices. The Phase III prototype follow-on is w/in scope of Vertex SBIR contract FA3002-19-P-A151 (Pilot Training Phase II). PTT DSS is nec",N,,,0
FQ98KK1G9199,FREEDOM PHOTONICS LLC,3,0.197,absim 0.17,Phase I,2013,100GBit/s Low Drive voltage Multi-Quantum Well Nanowire modulator,N68335-13-C-0381,N13A-T005,In this Phase I Small Business Innovative Research project we will be developing extremely efficient (,2024,11,"This contract is a sole source, sequential Phase II Small Business Innovative Research (SBIR) award sponsored by USAF AFWERX. This is a follow-on contract to work completed under the initial Phase I and Phase II SBIR Contracts. The competition requirement was satisfied during the Phase I RFP process. This contract is CPFF and FFP contract types.",Unk,,Not enough info in notice text snippet,0
GDMPJ7GMBH13,"3 Phoenix, Inc.",1,0.681,id_cited,Phase II,2009,Techniques for Automatically Exploiting Passive Acoustic Sonar Data,N00024-09-C-4146,N06-138,"The Navy reduced manning requirements drive the need for more sonar automation. Automatically detecting and classifying targets of interest meets the challenge of reduced manning and workloads required for passive anti-submarine warfare (ASW) and torpedo detection, classification and localization (T",2021,12,"SMALL BUSINESS INNOVATION RESEARCH (SBIR) PHASE III JUSTIFICATION & APPROVAL FOR USE OF OTHER THAN FULL AND OPEN COMPETITION 1. Contracting Activity. Naval Air Warfare Center Aircraft Division (NAWC-AD) Lakehurst, NJ 2. Nature/Description of the Action Being Approved. This is a justification to award a Small Business Innovation Research (SBIR) Phase III Basic Ordering Agreement (BOA) order to Sign",unk,,Not enough info in notice text snippet,0
GDMPJ7GMBH13,"3 Phoenix, Inc.",2,0.247,absim 0.15,Phase II,2009,RF Over Optical Fiber,N00024-09-C-4152,AF06-273,This Small Business Innovation Research (SBIR) Phase II proposal leverages technologies developed under SBIR Topic AF06-273 to develop cost-effective technology for Radio Frequency (RF) signal distribution over fiber onboard submarines. The technology has the ability to reduce RF signal loss over lo,2019,10,"Small Business Innovation Research (SBIR) Phase III Contract with Teledyne Instruments, Inc. for Directional Acoustic Transponders previously developed under SBIR Topic Number N02-082.",N,,,0
GDMPJ7GMBH13,"3 Phoenix, Inc.",3,0.247,absim 0.15,Phase II,2009,RF Over Optical Fiber,N00024-09-C-4152,AF06-273,This Small Business Innovation Research (SBIR) Phase II proposal leverages technologies developed under SBIR Topic AF06-273 to develop cost-effective technology for Radio Frequency (RF) signal distribution over fiber onboard submarines. The technology has the ability to reduce RF signal loss over lo,2019,10,"Small Business Innovation Research (SBIR) Phase III Contract with Teledyne Instruments, Inc. for Directional Acoustic Transponders previously developed under SBIR Topic Number N02-082.",N,,,0
GKVMZBMK7YG9,"BASECONNECT, LLC",1,0.081,absim 0.08,Phase II,2019,RAPID - Open Call for Innovative Defense-Related Dual-Purpose Technologies/Solutions with ,FA8650-19-9-9334,AF183-005,"BaseConnect plans to further develop ReCaller(TM) to allow for emergency management, recalling functionality and messaging in order to rapidly account and communicate with users around the world. Our objectives are to create a secure recall and messaging platform that can be used by the Department o",2023,4,"This is a one-time, Firm-Fixed Price (FFP) Purchase Order. The following items are to be procured: NOMENCLATURE: CABLE ASSEMBLY, SPECIAL PART NUMBER: 7001-2900-200 FSCM: 51190 QUANTITY: 8 EACH FAR 52.246-17, Warranty of Supplies of a Non-Complex Nature, applies to the resultant contract. PRIOR TO SHIPMENT: The vendor must contact local Defense Contract Management Agency (DCMA) Quality Assurance Re",N,,,0
GKVMZBMK7YG9,"BASECONNECT, LLC",2,0.077,absim 0.09,Phase I,2019,Open Call for Innovative Defense-Related Dual-Purpose Technologies/Solutions with a Clear ,FA3002-19-P-A009,AF183-005,The current AdHoc emergency notification system for the United States Air Force is a broken and antiquated process that does not fit the needs of todayâ€™s modern war fighter. At a majority of Air Force Bases the squadron members still hand carry a piece of paper on them at all times called a recall,2023,4,"The subject contracts are a multiple-award indefinite-delivery/indefinite-quantity contract for The United States Air Force�s Advanced Battle Management System (ABMS) program. This IDIQ award will allow for ABMS, coupled with digital modernization, to enable Joint All Domain Command and Control (JADC2) in alignment with the National Defense Strategy and the strategic vision of Air Force leadership",Unk,,Not enough info in notice text snippet,0
GKVMZBMK7YG9,"BASECONNECT, LLC",3,0.077,absim 0.09,Phase I,2019,Open Call for Innovative Defense-Related Dual-Purpose Technologies/Solutions with a Clear ,FA3002-19-P-A009,AF183-005,The current AdHoc emergency notification system for the United States Air Force is a broken and antiquated process that does not fit the needs of todayâ€™s modern war fighter. At a majority of Air Force Bases the squadron members still hand carry a piece of paper on them at all times called a recall,2023,4,"The subject contracts are a multiple-award indefinite-delivery/indefinite-quantity contract for The United States Air Force�s Advanced Battle Management System (ABMS) program. This IDIQ award will allow for ABMS, coupled with digital modernization, to enable Joint All Domain Command and Control (JADC2) in alignment with the National Defense Strategy and the strategic vision of Air Force leadership",unk,,Not enough info in notice text snippet,0
HUB4QU2MDE14,SQUISHY ROBOTICS INC,1,0.049,absim 0.06,Phase I,2018,"SBIR Phase I: Shape-shifting robots for Disaster Rescue, Monitoring, and Education",1747189,EW,"The broader impact/ commercial potential of this project is to commercialize previous research in tensegrity robots for new markets in disaster rescue, surveillance, scientific monitoring, and STEM (Science, Technology, Engineering and Math) education. Future deaths by both victims and first respond",2019,1,"Small Business Innovation Research (SBIR) Phase III Contract with Teledyne Instruments, Inc. for Directional Acoustic Transponders previously developed under SBIR Topic Number N02-082.",N,,,0
HUB4QU2MDE14,SQUISHY ROBOTICS INC,2,0.049,absim 0.06,Phase I,2018,"SBIR Phase I: Shape-shifting robots for Disaster Rescue, Monitoring, and Education",1747189,EW,"The broader impact/ commercial potential of this project is to commercialize previous research in tensegrity robots for new markets in disaster rescue, surveillance, scientific monitoring, and STEM (Science, Technology, Engineering and Math) education. Future deaths by both victims and first respond",2019,1,"Small Business Innovation Research (SBIR) Phase III Contract with Teledyne Instruments, Inc. for Directional Acoustic Transponders previously developed under SBIR Topic Number N02-082.",N,,,0
HUB4QU2MDE14,SQUISHY ROBOTICS INC,3,0.041,absim 0.05,Phase II,2019,SBIR Phase II: Rapidly Deployable Mobile Sensor Robots for Disaster Response and Monitorin,1927010,EW,"The broader impact/commercial potential of this project is to commercialize previous research in tensegrity robots for new markets in disaster response. Future deaths and injuries of both victims and first responders during disaster rescues in unchartered, risky environments could be prevented by ra",2020,1,"August 26, 2019: AF CSO issued for pre-release September 24, 2019: AF begins accepting proposals October 23, 2019: AF Deadline for receipt of proposals no later than 8:00 p.m. ET NOTE: THE AIR FORCE WILL NOT ACCEPT PROPOSALS BEFORE SEPTEMBER 24, 2019. This solicitation applies to Air Force 19.3 AFWERX ""Special Topics"" (AF193-CS01, AF193-DCS01) and is not effective for any other SBIR/STTR topics wi",,,,0
HVYMKMSL4V68,"TURNAROUND FACTOR, INC.",1,0.484,absim 0.22,Phase I,2022,Reverse Engineering 6110-00-405-6216; 400Hz Regulator Circuit Card,SP4701-22-P-0010,DLA212-001,"TAF proposes to Reverse Engineer the 400 Hz voltage regulator circuit card, NSN 6110-00-405-6216, using salvaged parts and technical data. TAF has already acquired a salvaged part for analysis as well as several manuals to reduce technical risk during Phase I. TAF will create a Technical Data Packag",2024,2,"Proposed procurement for NSN 6110004056216 REGULATOR,VOLTAGE A: Line 0001 Qty 16 UI EA Deliver To: DLA DISTRIBUTION SAN DIEGO By: 0002 DAYS ADO Approved sources are 07639 CSV2215-4; 1YG04 TAF-P-100-205. The solicitation is an RFQ and will be available at the link provided in this notice. Hard copies of this solicitation are not available. Specifications, plans, or drawings are not available. All r",,,,1
HVYMKMSL4V68,"TURNAROUND FACTOR, INC.",2,0.378,absim 0.20,Phase II,2022,Deployable UGR Assembly Facility,SP4701-22-C-0001,DLA202-004,Today DLA assembles and kits the UGR at a single facility in San Joaquin (DDJC). Any disruptions in the San Joaquin area would rapidly endanger DLA’s ability to supply UGRs. The fixed assembly and kitting location also prevents DLA from providing the flexibility to respond to emerging customer requi,2025,3,"This is a SOURCES SOUGHT NOTICE and is for �information purposes only� to prepare a one-time buy for NSN 3020-01-461-2732, PR number 7003834106, Part Number 626857-3. This is NOT a request for proposals, quotations or bids. This notice is for informational and planning purposes only and shall not be construed as a solicitation or an obligation or commitment by the Government. This notice is intend",,,,0
HVYMKMSL4V68,"TURNAROUND FACTOR, INC.",3,0.375,absim 0.21,Phase II,2021,Extensible AR and Hardware Capability Packages for Remote Maintenance,N68335-21-C-0310,N201-X02,"readiness, readiness, telepresence, AR, Remote Work",2018,-3,"SMALL BUSINESS INNOVATION RESEARCH (SBIR) PHASE III JUSTIFICATION & APPROVAL FOR USE OF OTHER THAN FULL AND OPEN COMPETITION 1. Contracting Activity. Department of the Navy, Naval Air Warfare Center Aircraft Division (NAWC-AD) Lakehurst, NJ 2. Nature/Description of the Action Being Approved. This is a justification to award a Small Business Innovation Research (SBIR) Phase III Basic Ordering Agree",,,,0
J521EPLPW6L7,"COHERENT TECHNICAL SERVICES, INC.",1,1.0,id_cited,Phase II,2016,Air Vehicle Communication in a Denied Environment,N68335-16-C-0107,N142-095,"Anti-Access, Area Denial (A2AD) environments feature intense jamming from both friend and foe that will disrupt Communications, Navigation, and Identification (CNI) functions on tactical aircraft like the F/A-18. Anti-Jam (AJ) and Low Probability of Detection (LPD) communications systems can restore",2017,1,"SMALL BUSINESS INNOVATION RESEARCH (SBIR) PHASE III JUSTIFICATION & APPROVAL FOR USE OF OTHER THAN FULL AND OPEN COMPETITION �1. Agency and Contracting Activity Department of the Navy, Naval Air Warfare Center Aircraft Division (NAWC-AD) Lakehurst, NJ �2. Nature/Description of Action(s) Being Approved This is a justification to award a Small Business Innovation Research (SBIR) Phase III contract t",,,,1
J521EPLPW6L7,"COHERENT TECHNICAL SERVICES, INC.",2,0.995,id_cited,Phase I,2008,Innovative Techniques of Modeling and Simulation for Commercial Derivative Aircraft Upset ,N68335-08-C-0181,N08-005,"The National Transportation Safety Board's accident database reveals that up to 40% of all commercial aviation fatalities are due to loss of control.  The military is acquiring commercial-derivative aircraft for certain missions, and will fly these aircraft more aggressively, increasing the potentia",2019,11,"SMALL BUSINESS INNOVATION RESEARCH (SBIR) PHASE III JUSTIFICATION & APPROVAL FOR USE OF OTHER THAN FULL AND OPEN COMPETITION 1. Contracting Activity. Naval Air Warfare Center Aircraft Division (NAWC-AD) Lakehurst, NJ 2. Nature/Description of the Action Being Approved. This is a justification to award a Small Business Innovation Research (SBIR) Phase III contract to Bihrle Applied Research Inc., Ha",,,,0
J521EPLPW6L7,"COHERENT TECHNICAL SERVICES, INC.",3,0.838,absim 0.29,Phase I,2021,SAR Package for DLA Critical Supply Chains,SP4701-21-P-0050,DLA203-001,"Many DLA supported programs such as the Aircraft Launch and Recovery Equipment (ALRE) program, encounter supply limitations and bottlenecks due to lack of manufacturing or vendor capabilities. Coherent Technical Solutions Inc. (CTSi) is well prepared to support DLA as a Small Business Manufacturer (",2025,4,"This is a SOURCES SOUGHT NOTICE and is for �information purposes only� to prepare a one-time buy for NSN 3020-01-461-2732, PR number 7003834106, Part Number 626857-3. This is NOT a request for proposals, quotations or bids. This notice is for informational and planning purposes only and shall not be construed as a solicitation or an obligation or commitment by the Government. This notice is intend",,,,0
J8LLPBAEMJG3,NEUROWAVE SYSTEMS INC,1,0.976,absim 0.38,Phase I,2011,Deployable Closed-Loop Anesthesia System,W81XWH-11-C-0078,OSD10-H05,"This proposal will address the needs described in sub-topic OSD10-H05 (&quot;Deployable Automated Analgesia and Anesthesia System&quot;), by developing the AutoTIVATM, a portable closed-loop anesthesia system based on non-invasive cortical monitoring. This system w",2025,14,Closed Loop Sedation and Anesthesia Delivery System for ACCS Delivery System for ACCS,,,,1
J8LLPBAEMJG3,NEUROWAVE SYSTEMS INC,2,0.057,absim 0.10,Phase II,2020,Deployable Closed-Loop Sedation System for En-Route Care (AutoSED),N68335-20-C-0249,OSD10-H05,"This Program aims at designing an under-the-litter platform - AutoSED - to transition the AutoTIVA technology (developed in the earlier phases of this Program) for use in an en-route care environment. The AutoTIVA was initially meant and designed as a clinical device, for use in clinical environment",2017,-3,The Office of Naval Research (ONR) is interested in receiving proposals for Long-Range Science and Technology (S&T) Projects which offer potential for advancement and improvement of Navy and Marine Corps operations. Readers should note that this is an announcement to declare ONR's broad role in competitive funding of meritorious research across a spectrum of science and engineering disciplines. A ,,,,0
J8LLPBAEMJG3,NEUROWAVE SYSTEMS INC,3,0.03,absim 0.03,Phase II,2019,Automated Intravenous Anesthesia Delivery to Improve Outcome in Children-TIVAPeds,2R44GM112358-02,300,"SPECIFIC AIMS The overall objective of this Program is to develop the TIVAPeds, an anesthesia ‘auto-pilot’ drug delivery platform designed to administer Total Intravenous Anesthesia (TIVA) in children 2-yrs and older. The proposed platform integrates a brain monitor whose output is used to automatic",2021,2,"This action is a result of previous Other Transaction Agreement (OTA). Vertex (incumbent, Woman Owned Small Business) will receive a Small Business Innovative Research (SBIR) Phase III prototype, FAR based, contract to deliver future/maintain current prototype devices. The Phase III prototype follow-on is w/in scope of Vertex SBIR contract FA3002-19-P-A151 (Pilot Training Phase II). PTT DSS is nec",,,,0
JAUFFPDZBAG2,EOSPACE INC.,1,0.991,id_cited,Phase I,2004,Compact Array of Analog Modulators and Integrated Laser Source (CAAMILS) Module,FA8750-04-C-0219,MDA04-029,"EOSPACE proposes to develop a Compact Array of Analog Modulators and Integrated Laser Source (CAAMILS) module for use in a wide-bandwidth analog ladar scene projection system.  Under Phase I, EOSPACE will use its unique, exceptionally low loss, lithium niobate (LiNbO3) integrated electro-optic waveg",2022,18,"SMALL BUSINESS INNOVATION RESEARCH (SBIR) PHASE III JUSTIFICATION & APPROVAL FOR USE OF OTHER THAN FULL AND OPEN COMPETITION 1. Contracting Activity. Naval Air Warfare Center Aircraft Division (NAWC-AD) Lakehurst, NJ 2. Nature/Description of the Action Being Approved. This is a justification to award a Small Business Innovation Research (SBIR) Phase III contract to Freedom Photonics LLC, Goleta, C",,,,0
JAUFFPDZBAG2,EOSPACE INC.,2,0.263,absim 0.22,Phase II,2019,"Ultra-Fast, High-Power-Handlering, Electro-Optic Switch",N68335-19-C-0038,N171-013,A very fast 1xN optical switch capable of handling high-optical power is proposed. It is designed for switching laser power from a central source to multiple outputs using photonic switch technology that does not have any mechanical moving parts. It is designed to have a very compact size and high-r,2023,4,"LaserMotive, Inc. dba PowerLight Technologies proposes to investigate key Optical Power Transmission technologies that may include, but not be limited to, Fiber Optic Cable Assemblies and Optical Power Transmitter Emissions. The investigations will focus on the identification of factors influencing important aspects of optical power transmission systems such as safety, performance, reliability and",,,,0
JAUFFPDZBAG2,EOSPACE INC.,3,0.102,absim 0.10,Phase I,2026,High Performance Electro-optic Modulator Designed for Military Aircraft,N68335-26-C-0056,N25B-T029,"Thin-Film Lithium Niobate (TFLN) electro-optic (EO) modulators offer performance unmatched by legacy systems for airborne receivers, bringing weight savings, bandwidth increase, EMI protection and increased dynamic range. However, this new technology requires development to handle the harsh naval av",2025,-1,"EOSPACE, Inc.* of Redmond, Washington is being awarded a competitive firm-fixed-price contract valued at $10.5 million. Under this new contract, the contractor will increase the production rate and affordability of high energy phase modulators. The work will be performed in Redmond, Washington. The period of performance is September 2024 through September 2026. This contract was competitively awar",,,,1
JDUKDPBD4JT9,MIKEL INC,1,0.322,absim 0.17,Phase I,2017,Computer Network Defense Trainer,N68335-17-C-0441,N171-023,"In this Phase I SBIR, MIKEL Inc. will develop emulations of common cyber threats that can be safely and securely deployed on operational networks and systems to train battle staffs and computer network defense personnel to succeed in contested cyberspace environment. The solution will advance todays",2020,3,"The proposed effort, entitled Advancing Next Generation Training Solutions (ANGTS) aims to advance Marine Corps training capabilities by evolving emerging training technologies (Augmented Reality), developing training capabilities for human-robot teams, improving operational visualizations for RF signatures, revolutionizing infantry training After Action Reviews, and integrating physiological moni",,,,0
JDUKDPBD4JT9,MIKEL INC,2,0.285,absim 0.16,Phase II,2019,Non-collinear Wave-front Curvature Range Measurement,N68335-19-C-0091,N02-025,"The goal of this Phase II SBIR is to extract more information from existing submarine acoustic sensors through a highly innovative inter- and intra-sensor correlation algorithmic, in order to provide U.S. submarines with increased acoustic superiority over increasingly quiet adversaries. U.S. advers",2020,1,Few-shot Learning via Domain Adaptation of Imperfectly Modeled Sonar Data to Real Sonar Data,,,,0
JDUKDPBD4JT9,MIKEL INC,3,0.115,absim 0.12,Phase I,2017,Computer Network Defense Trainer,N68335-17-C-0441,N171-023,"In this Phase I SBIR, MIKEL Inc. will develop emulations of common cyber threats that can be safely and securely deployed on operational networks and systems to train battle staffs and computer network defense personnel to succeed in contested cyberspace environment. The solution will advance todays",2023,6,"Security training solution that enables Navy Security Forces personnel to get the requisite number of repetitions in a realistic training environment that is also time, space, and cost effective. A virtual reality platform software already deployed and in use within another branch of service in the Department of Defense (DoD) and has a demonstrable record of performance in meeting users� needs ove",,,,0
K1GCPNNZKEN7,APTIMA INC,1,0.725,absim 0.27,Phase I,2009,Live-Training Objective Performance Measures for After Action Reviews (LOPMAAR),M67854-09-C-6546,N08-111,"Live training is the United States Marine Corps’ preferred method of training infantry operations. However, such training practices prove difficult in providing detailed assessment of the participants’ performance because of a number of factors including the number of participants and the complexity",2020,11,"The proposed effort, entitled Advancing Next Generation Training Solutions (ANGTS) aims to advance Marine Corps training capabilities by evolving emerging training technologies (Augmented Reality), developing training capabilities for human-robot teams, improving operational visualizations for RF signatures, revolutionizing infantry training After Action Reviews, and integrating physiological moni",,,,0
K1GCPNNZKEN7,APTIMA INC,2,0.318,absim 0.19,Phase I,2025,Virtual Ordnance Readiness Training for Explosive (VORTEX) ? ?,W51701-25-C-A214,A244-069,"Explosive Ordnance Disposal (EOD) technicians serve as the bomb squad for the US Army. When a weapons system is damaged, EOD technicians must “download” (remove) all the explosive rounds, missiles, or other explosive hazards before it can be repaired. But access to EOD training is limited, as there ",2022,-3,"This announcement is a BAA Call against the ONR FY22 Long Range Broad Agency Announcement (N00014-22-S-B001). The submission of white papers, proposals, their evaluation(s) and the subsequent awards will be carried out as described in the aforementioned Long Range BAA. The Large Area Clearance Experiment (LACEx) is an ONR applied research and advanced technology development effort for the DoD Expl",,,,0
K1GCPNNZKEN7,APTIMA INC,3,0.303,absim 0.20,Phase I,2011,Tool for Rapid Assessment of Cognitive Readiness in Teams (TRACR-T),N00014-11-M-0106,OSD10-CR1,"In today&quot;s collaborative environment, mission success depends on the skills and readiness of each team member. But independently capable individuals are not necessarily ready to function optimally in a team setting. Consequently, assessment of team cognitive readiness requires more than measuri",2018,7,"SMALL BUSINESS INNOVATION RESEARCH (SBIR) PHASE III JUSTIFICATION & APPROVAL FOR USE OF OTHER THAN FULL AND OPEN COMPETITION 1. Contracting Activity. Department of the Navy, Naval Air Warfare Center Aircraft Division (NAWC-AD) Lakehurst, NJ 2. Nature/Description of the Action Being Approved. This is a justification to award a Small Business Innovation Research (SBIR) Phase III Basic Ordering Agree",,,,0
KCLCXA6CAD85,"TECHNICAL DATA ANALYSIS, INC.",1,0.787,id_cited,Phase I,2018,Web-based Application for Aircraft Component Fatigue Life Management,N68335-18-C-0773,N182-100,"Navy aircraft data are stored in several database management systems, both in digital format (data recorders and sensors) and paper records. Additionally, with respect to life management and maintenance, and repair and overhaul (MRO) activities. This approach results in multiplicity of data, some co",2017,-1,"SMALL BUSINESS INNOVATION RESEARCH (SBIR) PHASE III JUSTIFICATION & APPROVAL FOR USE OF OTHER THAN FULL AND OPEN COMPETITION 1. Contracting Activity. Department of the Navy, Naval Air Warfare Center Aircraft Division (NAWC-AD) Lakehurst, NJ 2. Nature/Description of the Action Being Approved. This is a justification to award a Small Business Innovation Research (SBIR) Phase III Basic Ordering Agree",,,,1
KCLCXA6CAD85,"TECHNICAL DATA ANALYSIS, INC.",2,0.159,absim 0.12,Phase II,2019,Combined Analytical and Experimental Approaches to Rotor and Dynamic Component Stress Pred,N68335-19-C-0232,N08-021,"The objective of rotorwise™ is to provide better loads prediction for rotor components, leading to more accurate, more reliable fatigue life predictions and fleet management. rotorwise™ works as follows. In the modal domain, changes in the applied loads are related to changes in measured response (e",2015,-4,"The Naval Air Systems Command (NAVAIR) awarded Delvivery Order, N00019-22-F-1203 in support of the H-53K Aviation Logistics Environment (ALE), FY22 Sustainment effort, under BOA N00019-19-G-0029 to Sikorsky Aircraft Corporation, a Lockheed Martin Company, of 6900 Main St., Stratford, CT 06615-9129, on an other than full and open competitive basis to support the mission of PMA 261 CH-53K Heavy Lift",,,,0
KCLCXA6CAD85,"TECHNICAL DATA ANALYSIS, INC.",3,0.097,absim 0.13,Phase II,2019,Combined Analytical and Experimental Approaches to Rotor and Dynamic Component Stress Pred,N68335-19-C-0232,N08-021,"The objective of rotorwise™ is to provide better loads prediction for rotor components, leading to more accurate, more reliable fatigue life predictions and fleet management. rotorwise™ works as follows. In the modal domain, changes in the applied loads are related to changes in measured response (e",2017,-2,This award is for the purpose of maturing and validating the MD7 system such that it can be fielded on teh CH-53K at the completion of the contract.,,,,0
KVNLHF7DEVX9,"ADAPTIVE METHODS, INC.",1,0.354,absim 0.22,Phase II,2002,Surface Ship USW Sonar Data Fusion,N00024-02-C-4128,,"""The next generation USW combat system will implement improvedactive/passive sonar processing in a COTS architecture. Shipboardsensors include radar, hull array, towed array, and sonobuoys.The sonar analyst must efficiently manage a huge increase ininformation to realize the full potential of future",2020,18,Few-shot Learning via Domain Adaptation of Imperfectly Modeled Sonar Data to Real Sonar Data,,,,0
KVNLHF7DEVX9,"ADAPTIVE METHODS, INC.",2,0.236,absim 0.17,Phase II,2002,Surface Ship USW Sonar Data Fusion,N00024-02-C-4128,,"""The next generation USW combat system will implement improvedactive/passive sonar processing in a COTS architecture. Shipboardsensors include radar, hull array, towed array, and sonobuoys.The sonar analyst must efficiently manage a huge increase ininformation to realize the full potential of future",2017,15,"The Naval Undersea Warfare Center Divison, Newport (NUWCDIVNPT) is responsible for the engineering evaluation of various naval platforms. NUWCDIVNPT Code 85 has a requirement for engineering and technical services in developing Analytic Acoustic Models (AAM) and Finite Element Models (FEM) and conducting analyses/assessments of naval platforms, as well as equipment and systems within. Innovative h",,,,0
KVNLHF7DEVX9,"ADAPTIVE METHODS, INC.",3,0.152,absim 0.15,Phase II,2011,Environmentally Constrained Naval Search Planning Algorithms,N00024-11-C-4165,N101-048,Our Context-Aware Multiple Objective Planning (CMOP) is focused on the expansion and refinement of the mission planning capability in order to more fully support the capabilities required by Under Sea Warfare Decision Support System (USW-DSS). This includes expanding the spatial-temporal and semanti,2019,8,"This effort is for a Multi-Asset Mission Planning and Execution Monitoring (MAPEM) System for use by Airwing Planners, Maritime Operations Center (MOC) Personnel, Compostie Warfare Commander (CWC) planners and watch standers to participate in time-sensitive strike planning and execution monitoring.",,,,0
LMF7NPZN43Z6,FIRST RF CORPORATION,1,0.79,id_cited,Phase II,2008,On The Move (OTM) Ku/Ka SATCOM Capability for the EFV,M67854-08-C-0026,N06-106,The United States Military has an urgent need to develop affordable phased array antennas supporting SATCOM on the move (OTM) capabilities. Currently-available SATCOM terminals rely on gimbaled dish antennas integrated with broadband feed structures. Although dish antenna technology is well suited f,2020,12,"SMALL BUSINESS INNOVATION RESEARCH (SBIR) PHASE III JUSTIFICATION & APPROVAL FOR USE OF OTHER THAN FULL AND OPEN COMPETITION 1. Contracting Activity. Naval Air Warfare Center Aircraft Division (NAWC-AD) Lakehurst, NJ 2. Nature/Description of the Action Being Approved. This is a justification to award a Small Business Innovation Research (SBIR) Phase III Basic Ordering Agreement (BOA) order to Firs",,,,1
LMF7NPZN43Z6,FIRST RF CORPORATION,2,0.128,absim 0.13,Phase II,2018,High Gain Common Data Link (CDL) Antennas for Networking UAV Nodes,N68335-18-C-0566,N131-007,"In this Phase I effort, FIRST RF will develop and evaluate concepts enabling highly directive multi-beam TCDL communications using phased arrays integrated on the Fire Scout UAV platform. Phased array systems allow for dynamic beam steering with graceful degradation. Wide elevation patterns desirabl",2020,2,"This contract is for the demonstration of an airborne prototype Multi User Distributed Lethality Relay (MUDLR) system to include high capacity backbone, multi-beam CDL and CORE with cross domain interface providing dynamic network discovery and management.",,,,0
LMF7NPZN43Z6,FIRST RF CORPORATION,3,0.119,absim 0.14,Phase I,2009,High Isolation Transmit/Receive Antennas for Advanced Electronic Warfare (EW) and Communic,W15P7T-09-C-S014,A08-084,"As modern battlefield scenarios require increasingly greater radio frequency (RF) capabilities from US Army ground vehicles, there is a corresponding requirement to develop antenna systems that ensure the mutual interoperability of these functions. Currently, there is an urgent requirement to addres",2024,15,Please see attached Solicitation # N6660421R0073 for this SBIR Phase III EW HMI sole source requirement.,,,,0
LMN2GL7N51H1,"Athena Gtx, Inc.",1,0.197,absim 0.16,Phase I,2017,Intranasal Cooling for Encephalopathy Prevention (ICEP),M67854-17-C-6551,N171-002,"Traumatic Brain Injury (TBI) is the signature injury of current conflicts accounting for approximately 20-25% combat casualties. Commercially, it is the primary cause of worldwide morbimortality in people under 45 years old. In the USA, TBI is estimated to be 1.5 million cases annually, resulting in",2025,8,Closed Loop Sedation and Anesthesia Delivery System for ACCS Delivery System for ACCS,,,,0
LMN2GL7N51H1,"Athena Gtx, Inc.",2,0.034,absim 0.05,Phase I,2005,Sensor-based monitoring and intervention for gravity-induced loss of consciousness (GLOC),N00014-05-M-0097,OSD04-H10,The Athena ISG/GTXtreme approach to this research and development effort is to leverage and expand on several current programs under contract with the US Navy.  This will allow us to perform more work in Phase I than is normally expected and produce working prototypes to demonstrate the concepts pro,2021,16,"This action is a result of previous Other Transaction Agreement (OTA). Vertex (incumbent, Woman Owned Small Business) will receive a Small Business Innovative Research (SBIR) Phase III prototype, FAR based, contract to deliver future/maintain current prototype devices. The Phase III prototype follow-on is w/in scope of Vertex SBIR contract FA3002-19-P-A151 (Pilot Training Phase II). PTT DSS is nec",,,,0
LMN2GL7N51H1,"Athena Gtx, Inc.",3,0.033,absim 0.05,Phase I,2005,Sensor-based monitoring and intervention for gravity-induced loss of consciousness (GLOC),N00014-05-M-0097,OSD04-H10,The Athena ISG/GTXtreme approach to this research and development effort is to leverage and expand on several current programs under contract with the US Navy.  This will allow us to perform more work in Phase I than is normally expected and produce working prototypes to demonstrate the concepts pro,2017,12,This effort is to develop a Multi sensor system that is worn on the upper arm of the human.,,,,1
M47BF35WGFC5,"Learntowin, Inc.",1,0.155,absim 0.12,Phase II,2019,"Learn to Win: Next Generation Training Platform for Elite Sports Teams, Re-tasked for Air ",FA8649-19-C-A060,AF192-D001,"Learn 2 Win is an interactive, mobile learning platform used by top football and basketball teams to train their athletes. Current clients include the University of North Carolina, University of Michigan, Stanford University, University of Notre Dame, many other NCAA programs, and over 400 high scho",2020,1,"The proposed effort, entitled Advancing Next Generation Training Solutions (ANGTS) aims to advance Marine Corps training capabilities by evolving emerging training technologies (Augmented Reality), developing training capabilities for human-robot teams, improving operational visualizations for RF signatures, revolutionizing infantry training After Action Reviews, and integrating physiological moni",,,,0
M47BF35WGFC5,"Learntowin, Inc.",2,0.105,absim 0.11,Phase II,2019,"Learn to Win: Next Generation Training Platform for Elite Sports Teams, Re-tasked for Air ",FA8649-19-C-A060,AF192-D001,"Learn 2 Win is an interactive, mobile learning platform used by top football and basketball teams to train their athletes. Current clients include the University of North Carolina, University of Michigan, Stanford University, University of Notre Dame, many other NCAA programs, and over 400 high scho",2025,6,"Notice of Intent: Learn to Win Premium Software Licenses Renewals This notice serves to announce the intent of the 81st Contracting Squadron to award a sole source contract for a quantity of 504 each Learn to Win premium software licenses for the 81 Training Wing at Keesler Air Force Base, MS. The proposed contract action is for a licenses for which the Government intends to solicit and negotiate",,,,1
M47BF35WGFC5,"Learntowin, Inc.",3,0.097,absim 0.11,Phase I,2022,Mobile Learning in a Flipped Classroom Model for METC,FA8649-22-P-0425,AF212-CSO1,"Learn to Win Inc. (L2W) proposes utilizing SBIR funding to research the effectiveness of a mobile platform for ""flipped classroom"" instruction at the Medical Education and Training Campus with the 59th Training Group. L2W's learning platform offers a powe",2025,3,"This is a new SBIR Phase III award and it derives from, as well as extends, the effort performed under a prior SBIR funding agreement (FA8650-20-C-9207)",,,,0
M5AKXCM37D31,BIHRLE APPLIED RESEARCH INC,1,0.915,id_cited,Phase I,2003,A System for Modeling the Effects of Unsteady Aerodynamics in Flight Simulations,N68335-03-C-0132,,"A method for modeling the effects of unsteady steady aerodynamics has been proposed during a phase I effort will be investigated further by Bihrle Applied Research Inc (BAR). In order to be compatible with existing simulation and conventional datacollection methods, this new method makes use of exis",2019,16,"SMALL BUSINESS INNOVATION RESEARCH (SBIR) PHASE III JUSTIFICATION & APPROVAL FOR USE OF OTHER THAN FULL AND OPEN COMPETITION 1. Contracting Activity. Naval Air Warfare Center Aircraft Division (NAWC-AD) Lakehurst, NJ 2. Nature/Description of the Action Being Approved. This is a justification to award a Small Business Innovation Research (SBIR) Phase III contract to Bihrle Applied Research Inc., Ha",,,,1
M5AKXCM37D31,BIHRLE APPLIED RESEARCH INC,2,0.075,absim 0.11,Phase I,2008,Total Envelope Modeling Application for Transport Aircraft,N68335-08-C-0180,N08-005,"As the military increasingly relies on the militarization of commercial items, the need to assess these items in the military operational environment is key. This is particularly important in the use of commercial transport aircraft, where operational demands greatly differ between civil and militar",2020,12,"The proposed effort, entitled Advancing Next Generation Training Solutions (ANGTS) aims to advance Marine Corps training capabilities by evolving emerging training technologies (Augmented Reality), developing training capabilities for human-robot teams, improving operational visualizations for RF signatures, revolutionizing infantry training After Action Reviews, and integrating physiological moni",,,,0
M5AKXCM37D31,BIHRLE APPLIED RESEARCH INC,3,0.068,absim 0.07,Phase II,2021,Architecture for Experimental Research and Operational Data Acquisition Control (AERODAC),FA8649-21-P-1491,AF203-CSO1,"The Test and Evaluation of new military and commercial hardware and software systems demand Data Acquisition and Control resources capable of supporting high performance measurement, analysis and display requirements of new systems. To support this need, Bihrle Applied Research Inc. (BAR) has develo",2023,2,"This awarded sole source order is for Software Acquisition Management Support. Additional information can be found in the redacted Justification and Approval (J&A), attached.",,,,0
M7L6QRM22UN4,NAVMAR APPLIED SCIENCES CORP,1,0.886,id_cited,Phase II,2010,Coherent Active Sonar Waveform Analysis Using Pressure/Velocity Phase Comparison for Impro,N68335-10-C-0494,N091-010,"Navmar Applied Sciences Corporation was awarded a Phase I SBIR program for the Coherent Active Sonar Waveform Analysis Using Pressure/Velocity Phase Comparison for Improved Detection and Classification (Topic No. N091-010) under Contract No. N68335-09-C-0196, dated 14 April 2009 (based on Proposal N",2021,11,"SMALL BUSINESS INNOVATION RESEARCH (SBIR) PHASE III JUSTIFICATION & APPROVAL FOR USE OF OTHER THAN FULL AND OPEN COMPETITION 1. Contracting Activity. Naval Air Warfare Center Aircraft Division (NAWC-AD) Lakehurst, NJ 2. Nature/Description of the Action Being Approved. This is a justification to award a Small Business Innovation Research (SBIR) Phase III Basic Ordering Agreement (BOA) order to NAVM",,,,1
M7L6QRM22UN4,NAVMAR APPLIED SCIENCES CORP,2,0.171,absim 0.18,Phase II,2016,Commandable Mobile Anti Submarine Warfare Sensor (CMAS),N68335-16-C-0160,N08-008,"The Commandable Mobile ASW Simulator (CMAS) operational need was identified by NAVAIR and by the Fleet community to obviate the use of fleet subsurface assets in the conduct of Navy RDT&E testing of airborne ASW acoustic sensor systems, as well as Fleet at-sea training of multi-static acoustic senso",2021,5,"SMALL BUSINESS INNOVATION RESEARCH (SBIR) PHASE III JUSTIFICATION & APPROVAL FOR USE OF OTHER THAN FULL AND OPEN COMPETITION 1. Contracting Activity. Naval Air Warfare Center Aircraft Division (NAWC-AD) Lakehurst, NJ 2. Nature/Description of the Action Being Approved. This is a justification to award a Small Business Innovation Research (SBIR) Phase III Basic Ordering Agreement order to RDA, Inc.",,,,0
M7L6QRM22UN4,NAVMAR APPLIED SCIENCES CORP,3,0.161,absim 0.18,Phase II,2010,Coherent Active Sonar Waveform Analysis Using Pressure/Velocity Phase Comparison for Impro,N68335-10-C-0494,N091-010,"Navmar Applied Sciences Corporation was awarded a Phase I SBIR program for the Coherent Active Sonar Waveform Analysis Using Pressure/Velocity Phase Comparison for Improved Detection and Classification (Topic No. N091-010) under Contract No. N68335-09-C-0196, dated 14 April 2009 (based on Proposal N",2021,11,"SMALL BUSINESS INNOVATION RESEARCH (SBIR) PHASE III JUSTIFICATION & APPROVAL FOR USE OF OTHER THAN FULL AND OPEN COMPETITION 1. Contracting Activity. Naval Air Warfare Center Aircraft Division (NAWC-AD) Lakehurst, NJ 2. Nature/Description of the Action Being Approved. This is a justification to award a Small Business Innovation Research (SBIR) Phase III Basic Ordering Agreement (BOA) order to Sign",,,,0
MCW6XX5ENZP5,RDA INC.,1,1.0,id_cited,Phase I,2003,Air Antisubmarine Warfare (ASW) Environmental Characterization using Existing Tactical Sen,N68335-03-C-0147,,"New ways are sought to improve air ASW search performance by estimating acoustic environmental parameters using existing Fleet assets.  Successful ASW missions require characterization of the environment that is accurate, current, and local.  Currenttechniques include pre-mission planning efforts us",2021,18,"SMALL BUSINESS INNOVATION RESEARCH (SBIR) PHASE III JUSTIFICATION & APPROVAL FOR USE OF OTHER THAN FULL AND OPEN COMPETITION 1. Contracting Activity. Naval Air Warfare Center Aircraft Division (NAWC-AD) Lakehurst, NJ 2. Nature/Description of the Action Being Approved. This is a justification to award a Small Business Innovation Research (SBIR) Phase III Basic Ordering Agreement order to RDA, Inc.",,,,1
MCW6XX5ENZP5,RDA INC.,2,0.998,id_cited,Phase I,1998,Signal Processing and System Concepts to Exploit Passive Signals in Airborne Active ASW Mi,,,"Future Airborne ASW tactics will depend heavily upon the use of active sonar and bistatics with a distributed field of sonobuoys as the primary means of initial target detection and localization. However, the bistatic detection and classification problem is compounded by short contact times, evasive",2021,23,"SMALL BUSINESS INNOVATION RESEARCH (SBIR) PHASE III JUSTIFICATION & APPROVAL FOR USE OF OTHER THAN FULL AND OPEN COMPETITION 1. Contracting Activity. Naval Air Warfare Center Aircraft Division (NAWC-AD) Lakehurst, NJ 2. Nature/Description of the Action Being Approved. This is a justification to award a Small Business Innovation Research (SBIR) Phase III Basic Ordering Agreement (BOA) order to Sign",,,,0
MCW6XX5ENZP5,RDA INC.,3,0.997,id_cited,Phase II,2012,Environmental Wideband Acoustic Receiver and Source (EWARS),N68335-12-C-0054,N101-042,"The U.S. Navy requires a new Environmental Wideband Acoustic Receiver and Source (EWARS) sensor to facilitate the gathering of environmental data from Navy ASW platforms. The newly developed EWARS sensor must be deployable in shallow and deep environments, and be capable of operating over a broad sp",2021,9,"SMALL BUSINESS INNOVATION RESEARCH (SBIR) PHASE III JUSTIFICATION & APPROVAL FOR USE OF OTHER THAN FULL AND OPEN COMPETITION 1. Contracting Activity. Naval Air Warfare Center Aircraft Division (NAWC-AD) Lakehurst, NJ 2. Nature/Description of the Action Being Approved. This is a justification to award a Small Business Innovation Research (SBIR) Phase III Basic Ordering Agreement (BOA) order to NAVM",,,,0
N74FCX6AGAZ5,"VRC Metal Systems, LLC",1,0.919,absim 0.35,Phase I,2024,In-Situ Solid State Repair and Refurbishment of AM-2 Aluminum Mats,N68335-24-C-0422,N24A-T002,Expeditionary airfields are in need of an efficient in-situ repair method to reduce operation downtime while being serviced. Cold spray offers effective in-situ repair capabilities while remaining sufficiently portable for use in remote locations. Repairs done through cold spray can be further impro,2025,1,The purpose of this effort is to advance additive friction stir deposition (AFSD)/Cold Spray (CS) manufacturing technologies to provide a turnkey solution for enhanced warfighter sustainment and performance by accelerating adoption of newer advanced manufacturing technologies; establish digital thread for AFSD to enable building structural components made of Ti and Al alloys; establish feedstock d,,,,0
N74FCX6AGAZ5,"VRC Metal Systems, LLC",2,0.119,absim 0.11,Phase I,2025,Mobile Automated Robotic Corrosion Repair,W51701-25-C-0025,A244-029,"Army structures and vehicles often suffer from corrosion and battle damage, necessitating remediation. However, Army depots and forward operating locations lack the necessary utilities, equipment, and infrastructure for efficient repairs, resulting in downtime and availability issues. to address thi",2023,-2,"In Accordance with FAR Part 5.2 NAVSEA is announcing the award of Contract N00024-17-C-4020 to VRC METAL SYSTEMS, LLC. on 9/215/2017. The contract was not synopsized in accordance with FAR 5.301(b)(2). The contract was awarded under the Rapid Innovation Fund (RIF) Program, which is a follow-on program from the Small Business Innovative Research (SBIR) Program. RIF provides for additioanl research",,,,1
N74FCX6AGAZ5,"VRC Metal Systems, LLC",3,0.068,absim 0.09,Phase I,2020,Open Call for Science and Technology Created by Early-Stage (e.g. University) Teams,FA8649-20-P-0398,AF19C-T010,"There are two main objectives that this proposal addresses. The first is to determine the alloy compound ratio, such as Si, Al, Fe, Sn, Mn etc. at what ratio our alloy provides the best performance to cost benefit for the Air Force. We will partner with the Air Force to perform anode testing to dete",2020,0,"August 26, 2019: AF CSO issued for pre-release September 24, 2019: AF begins accepting proposals October 23, 2019: AF Deadline for receipt of proposals no later than 8:00 p.m. ET NOTE: THE AIR FORCE WILL NOT ACCEPT PROPOSALS BEFORE SEPTEMBER 24, 2019. This solicitation applies to Air Force 19.3 AFWERX ""Special Topics"" (AF193-CS01, AF193-DCS01) and is not effective for any other SBIR/STTR topics wi",,,,0
NTSHMATMUFH7,Form Fit and Function LLC ,1,0.483,absim 0.22,Phase II,2020,Reverse Engineering Technical Data Packages for Development of Alternate Sources of Supply,SP4701-20-C-0069,DLA192-001,"This SBIR Phase II proposal to the Defense Logistics Agency (DLA), requests funding for Form Fit and Function, LLC, a small disadvantaged, HUBZone Certified Business, to perform research, including where applicable, reverse engineering, in the development of an SAR package for 29 different NSNs for",2025,5,"This is a SOURCES SOUGHT NOTICE and is for �information purposes only� to prepare a one-time buy for NSN 3020-01-461-2732, PR number 7003834106, Part Number 626857-3. This is NOT a request for proposals, quotations or bids. This notice is for informational and planning purposes only and shall not be construed as a solicitation or an obligation or commitment by the Government. This notice is intend",,,,1
NTSHMATMUFH7,Form Fit and Function LLC ,2,0.344,absim 0.21,Phase I,2024,Reverse Engineering and Source Approval for Critical Components of Aging Weapon Systems,SP4701-24-P-0016,DLA233-P001,"During this project, Source Approval will be sought for critical components of aging weapons systems, where the OEMs are no longer in business, or the current number of suppliers is limited, leading to increased costs to the government. Source Approval RequestĀ(SAR) packages will be developed from T",2024,0,"Defense Logistics Agency (DLA) Aviation is issuing this Sources Sought Notice as a means of conducting market research to determine if other companies are capable of manufacturing (or legitimately obtaining) the following item 2840-01-127-3200, Seal, Labyrinth. This item is currently manufactured by the sources below. Mentis Sciences Inc. (Cage 1DAD1) under part numbers 118303-13-000 and 34633 Wil",,,,0
NTSHMATMUFH7,Form Fit and Function LLC ,3,0.13,absim 0.14,Phase II,2020,Reverse Engineering Technical Data Packages for Development of Alternate Sources of Supply,SP4701-20-C-0069,DLA192-001,"This SBIR Phase II proposal to the Defense Logistics Agency (DLA), requests funding for Form Fit and Function, LLC, a small disadvantaged, HUBZone Certified Business, to perform research, including where applicable, reverse engineering, in the development of an SAR package for 29 different NSNs for",2019,-1,(1) This J&A contains Controlled Unclassified Information and is therefore attached as a secure document. Contractors must be certified through Defense Logistics Information Services (DLIS) in order to access CUI. See the DLIS website for registration details at http://www.dlis.dla.mil/jcp/,,,,0
P7SFAJZ6M9J6,FRONTIER TECHNOLOGY INC,1,0.946,id_cited,Phase II,2008,Advanced Prognostic and Health Management (PHM) and Model Based Prognostic Useful Life Rem,N68335-08-C-0335,N07-010,"Frontier Technology, Inc. (FTI) proposes to expand and demonstrate its successful Phase I research and development of prognostic models for use in the prediction of the health state and future failure progressions for multiple aircraft communication, navigation and identification systems (CNI) and c",2018,10,"SMALL BUSINESS INNOVATION RESEARCH (SBIR) PHASE IIIJUSTIFICATION & APPROVAL FOR USE OF OTHER THAN FULL AND OPEN COMPETITION 1. Contracting Activity. Naval Air Warfare Center Aircraft Division (NAWC-AD) Lakehurst, NJ 2. Nature/Description of the Action Being Approved. This is a justification to award a Small Business Innovation Research (SBIR) Phase III Basic Ordering Agreement (BOA) order to Front",unk,,Not enough info in notice text snippet,1
P7SFAJZ6M9J6,FRONTIER TECHNOLOGY INC,2,0.867,id_cited,Phase II,2008,Advanced Prognostic and Health Management (PHM) and Model Based Prognostic Useful Life Rem,N68335-08-C-0335,N07-010,"Frontier Technology, Inc. (FTI) proposes to expand and demonstrate its successful Phase I research and development of prognostic models for use in the prediction of the health state and future failure progressions for multiple aircraft communication, navigation and identification systems (CNI) and c",2020,12,"SMALL BUSINESS INNOVATION RESEARCH (SBIR) PHASE III JUSTIFICATION & APPROVAL FOR USE OF OTHER THAN FULL AND OPEN COMPETITION 1. Contracting Activity. Naval Air Warfare Center Aircraft Division (NAWC-AD) Lakehurst, NJ 2. Nature/Description of the Action Being Approved. This is a justification to award a Small Business Innovation Research (SBIR) Phase III Basic Ordering Agreement (BOA) order to Fron",unk,,Not enough info in notice text snippet,1
P7SFAJZ6M9J6,FRONTIER TECHNOLOGY INC,3,0.852,id_cited,Phase II,2012,Automated Data Processing for System-of-Systems Performance Evaluation,W91151-12-C-5000,A10-009,"Typical Army performance tests are extremely complex, involving many independent-but-interacting systems. These systems and their individual data sources are inherently variable. Existing geographically distributed test networks, including the four-stage increment Warfighter Information Network-Tact",2020,8,"SMALL BUSINESS INNOVATION RESEARCH (SBIR) PHASE III JUSTIFICATION & APPROVAL FOR USE OF OTHER THAN FULL AND OPEN COMPETITION 1. Contracting Activity. Naval Air Warfare Center Aircraft Division (NAWC-AD) Lakehurst, NJ 2. Nature/Description of the Action Being Approved. This is a justification to award a SBIR Phase III Basic Ordering Agreement (BOA) order to Frontier Technology, Inc. (FTI), Beaver C",unk,,Not enough info in notice text snippet,1
PAMMYE4J9SW3,"INTRAMICRON, INC",1,0.283,id_cited,Phase II,2009,Analysis & Adaptation of Advanced Fischer Tropsch Catalyst Structures and Resulting BOP Re,N00014-09-C-0206,N07-T027,"In the Phase I study, IntraMicron found that Microfibrous Entrapped Catalysts (MFEC) increased effective thermal conductivity by 3~12 times, improved selectivity and product yield, and significantly reduced the Balance of Plant (BOP) compared with packed beds; Ceramatec prepared novel catalysts for",2022,13,"The Naval Surface Warfare Center Philadelphia Division (NSWCPD) intends to issue a non-competitive solicitation, under the authority of FAR 6.302-5, for procurement, on a sole source basis, of engineering and technical services required for the design, development, fabrication, test, and repair of a 1,000V prototype of a battery cabinet to meet the US Navy's pulse power needs. A Small Business Inn",unk,,Not enough info in notice text snippet,1
PAMMYE4J9SW3,"INTRAMICRON, INC",2,0.042,absim 0.08,Phase II,2013,Breakthrough Technology to Advance the Navy&quot;s Great Green Fleet Initiative,N00014-13-C-0229,N07-T027,Microfibrous entrapped catalysts (MFECs) made of a thermally conductive fibrous structure containing micron-sized metal fibers will be used to help the Navy to achieve its Great Green Fleet Initiative milestones. MFEC based Fischer-Tropsch Synthesis (FTS) will convert biomass and/or bio-based carbon,2025,12,"Construct a laboratory scale skid consisting of a solid oxide co-electrolysis system capable of production of synthesis gas from CO2 and H2O and a Fischer Tropsch (FT) reactor system. The completed skid will be capable of production of at least 100 ml of FT liquids per day using inputs of CO2, H2O, and electricity. The system will be used to evaluate various catalysts and compare solid oxide co-el",Unk,,,0
PAMMYE4J9SW3,"INTRAMICRON, INC",3,0.026,absim 0.05,Phase II,2014,Advanced thermal management materials and strategies for packaging high rate cylindrical c,N00014-14-C-0360,OSD12-EP6,"Building on success in Phase I, this proposal focuses on the theoretical analysis, system level optimization, manufacturability, TRL progression and prototypic demonstration of IntraMicron&#039;s Enhanced Battery Pack (IEBP). IEBP facilitates rapid cooling of",2019,5,SBIR Phase III contract for non-recurring engineering required to matture the Phase II JARVIS prototype toTechnology Readiness Level (TRL) 8.,N,,Has nothing to do with Jarvis,0
QBT2ZA8C95C8,LIFEWARE LABS LLC,1,0.043,absim 0.06,Phase II,2022,"A BATDOK-Integrated, Clinically Validated Wearable with Blood Pressure and Health State Cl",FA8649-22-P-0880,AF221-DCSO1,There is a current operational need to support combat medics in austere environments. Special forces often conduct operations that involve prolonged mission times or far-forward deployments. Casualties accrued during a mission are therefore afforded limited vitals monitoring and treatment options un,2022,0,The Fiscal Year 2019 (FY19) Defense Medical Research and Development Program (DMRDP) for the Joint Program Committee-6/Combat Casualty Care Research Program (JPC-6/CCCRP) Multi-Domain Lifesaving Trauma Innovations (MuLTI) Award is a Broad Agency Announcement (BAA). This BAA (Program-Specific) is intended to solicit extramural research and development ideas using the authority provided by United St,unk,,Not enough info in notice text snippet,1
QBT2ZA8C95C8,LIFEWARE LABS LLC,2,0.031,absim 0.05,Phase II,2017,Secure Wireless Disposable Pulse Oximeter Patch that Generates a PPG Waveform,W81XWH-18-C-0049,A16-053,"Stancil Technologies is developing WiSPR (Wearable Physiological Monitoring with Low-Power Wireless Sensing, Processing and Recording), a disposable multi-sensor patch capable of collecting and wirelessly transmitting a variety of physiological measurements to a handheld smartphone or tablet. WiSPR ",2022,5,"Synopsis - Notice of Intent to Award Small Business Innovation Research (SBIR) Sole Source Solicitation # W81K04-21-Q-0007 Subject: Adaptive Reconditioning Soldier Performance Platform in support of the U.S. Army Medical Command (MEDCOM) Deputy Chief of Staff Army Recovery Care Program (DCS, ARCP) Adaptive Reconditioning Programs (ARP) Medical Center (AMEDDC&S) The U.S. Army Health Contracting Act",unk,,Not enough info in notice text snippet,0
QBT2ZA8C95C8,LIFEWARE LABS LLC,3,0.031,absim 0.04,Phase II,2022,"A BATDOK-Integrated, Clinically Validated Wearable with Blood Pressure and Health State Cl",FA8649-22-P-0880,AF221-DCSO1,There is a current operational need to support combat medics in austere environments. Special forces often conduct operations that involve prolonged mission times or far-forward deployments. Casualties accrued during a mission are therefore afforded limited vitals monitoring and treatment options un,2020,-2,"August 26, 2019: AF CSO issued for pre-release September 24, 2019: AF begins accepting proposals October 23, 2019: AF Deadline for receipt of proposals no later than 8:00 p.m. ET NOTE: THE AIR FORCE WILL NOT ACCEPT PROPOSALS BEFORE SEPTEMBER 24, 2019. This solicitation applies to Air Force 19.3 AFWERX ""Special Topics"" (AF193-CS01, AF193-DCS01) and is not effective for any other SBIR/STTR topics wi",unk,,Not enough info in notice text snippet,0
RDRYVJJX3NA5,"Electro Standards Laboratory, Inc.",1,0.819,id_cited,Phase I,2003,Sensorless Control of Linear Motors,N00178-03-C-3042,,"Closed-loop control techniques such as those based on inner loop vector current control are well suited to meeting these performance criteria.  However, they require flux or armature position knowledge which is usually based on the use of mechanicalfeedback sensors.  Mechanical feedback sensors for ",2017,14,"SMALL BUSINESS INNOVATION RESEARCH (SBIR) PHASE III JUSTIFICATION & APPROVAL FOR USE OF OTHER THAN FULL AND OPEN COMPETITION 1. Agency and Contracting Activity. Department of the Navy, Naval Air Warfare Center Aircraft Division (NAWC-AD) Lakehurst, NJ 2. Nature/Description of Action(s) Being Approved. This is a justification to award a Small Business Innovation Research (SBIR) Phase III contract t",unk,,ID link not clear,1
RDRYVJJX3NA5,"Electro Standards Laboratory, Inc.",2,0.09,absim 0.12,Phase I,2007,Small Buoy for Energy Harvesting,N00039-07-C-0076,N07-144,A “Small Buoy for Energy Harvesting” has applications for use on current and future buoy systems used by the submarine fleet of the United States Navy. This work proposes to meet the requirements by converting mechanical wave energy to electrical energy using a generation system housed in a spar buo,2022,15,"Energy Web Architectures. The Energy web study starts with understanding the energy is fundamental to national defense. It is currently expended to both create and deliver military effects. By harnessing emerging technologies in energy generation, storage, and distribution, DARPA can create a more flexible, adaptive, persistent, and resilient energy web to dominate future battlespaces and preserve",N,,,0
RDRYVJJX3NA5,"Electro Standards Laboratory, Inc.",3,0.068,absim 0.12,Phase I,2003,Sensorless Control of Linear Motors,N00178-03-C-3042,,"Closed-loop control techniques such as those based on inner loop vector current control are well suited to meeting these performance criteria.  However, they require flux or armature position knowledge which is usually based on the use of mechanicalfeedback sensors.  Mechanical feedback sensors for ",2025,22,Closed Loop Sedation and Anesthesia Delivery System for ACCS Delivery System for ACCS,N,,,0
U35VSLMQRME6,"FUSE INTEGRATION, INC.",1,0.385,absim 0.17,Phase II,2019,Holistic Interoperable Directional Data Enhancement Network,FA8750-19-C-0068,AF17B-T003,"Currently fielded multi-beam CDL systems have been developed in an ad-hoc manner consisting of a collection of poorly integrated off the shelf technologies where controllers, radios, routers, firewalls, encryptors, and antennas are bolted together to reduce time to field. Proprietary APIâ€™s, electr",2020,1,"This contract is for the demonstration of an airborne prototype Multi User Distributed Lethality Relay (MUDLR) system to include high capacity backbone, multi-beam CDL and CORE with cross domain interface providing dynamic network discovery and management.",Y,,Both MUDLR but not clear if it’s the same company,1
U35VSLMQRME6,"FUSE INTEGRATION, INC.",2,0.065,absim 0.09,Phase II,2015,Decoupled Tactical Data Link Phase II.5 SBIR,N00039-15-C-0226,N121-106,Decoupled Tactical Data Link (DTDL) integrates network status and configuration settings from multiple legacy systems onboard ships into a centralized browser-based interface and distributes them via a secure pub-sub framework to remote authorized users. In Phase II.5 Fuse will build on the technolo,2016,1,"This Small Business Innovation Research (SBIR) Phase III requirements is for engineering and technical services for the modification and/or development of engineering tools and software, as well as the integration of hardware required to support the continued data collection of the Non-Propulsion Electronic Subsystems (NPES), Submarine C5I.",unk,,Not enough info in notice text snippet,0
U35VSLMQRME6,"FUSE INTEGRATION, INC.",3,0.06,absim 0.09,Phase II,2015,Decoupled Tactical Data Link Phase II.5 SBIR,N00039-15-C-0226,N121-106,Decoupled Tactical Data Link (DTDL) integrates network status and configuration settings from multiple legacy systems onboard ships into a centralized browser-based interface and distributes them via a secure pub-sub framework to remote authorized users. In Phase II.5 Fuse will build on the technolo,2022,7,"This Small Business Innovation Research (SBIR) Phase III requirements is for engineering and technical services for the modification and/or development of engineering tools and software, as well as the integration of hardware required to support the continued data collection of the Non-Propulsion Electronic Subsystems (NPES), Submarine C5I.",unk,,Not enough info in notice text snippet,0
UUM9WLJWJQ24,AMSEL MEDICAL CORPORATION,1,0.224,absim 0.15,Phase II,2020,Rapid Site-Specific Needle-Delivered Adjustable Vessel Occlusion for Control of Junctional,FA8649-20-C-0303,AF20R-DCSO1,"Despite the development of numerous methods for proximal vessel compression and control, even today, the exsanguination rates associated with junctional and non-compressible hemorrhage in the battlefield prior to surgical intervention are extremely high, with a greater than 60% mortality amongst US",2024,4,"Amsel Medical Corporation, Cambridge, MA, was awarded a $7,453,975.00 cost-plus--fixed-fee SBIR Phase III contract. This contract provides for the development of an FDA-approved temporary vacsular occlusion clamp. Work will be performed in Cambridge, Massachusetts, and is expected to be completed 30 March 2027.",Y,,,1
UUM9WLJWJQ24,AMSEL MEDICAL CORPORATION,2,0.021,absim 0.01,Phase II,2020,Rapid Site-Specific Needle-Delivered Adjustable Vessel Occlusion for Control of Junctional,FA8649-20-C-0303,AF20R-DCSO1,"Despite the development of numerous methods for proximal vessel compression and control, even today, the exsanguination rates associated with junctional and non-compressible hemorrhage in the battlefield prior to surgical intervention are extremely high, with a greater than 60% mortality amongst US",2024,4,"To Whom it May Concern: This reference is made to the proposal submitted by Progeny System Corporation in response to Solicitation Number N6134022R0074. You are hereby notified that Progeny System Corporation was awarded a $26,340,567.00 cost-plus-fixed-fee contract including options. This contract provides for the Surface Training Readiness Management System (STRMS) design, development and delive",n,,,0
UUM9WLJWJQ24,AMSEL MEDICAL CORPORATION,3,0.019,absim 0.01,Phase II,2020,Rapid Site-Specific Needle-Delivered Adjustable Vessel Occlusion for Control of Junctional,FA8649-20-C-0303,AF20R-DCSO1,"Despite the development of numerous methods for proximal vessel compression and control, even today, the exsanguination rates associated with junctional and non-compressible hemorrhage in the battlefield prior to surgical intervention are extremely high, with a greater than 60% mortality amongst US",2020,0,"The resultant contract from Solicitation FA8119-18-R-0019 is a firm-fixed-price, Requirements Type contract sole source to GASTOPS,INC. The acquisition was sole source to GASTOPS, INC as a Phase III effort in line with the Small Business Innovation Research (SBIR) program and directly derives from work research and developed during the SBIR Phase I and II efforts.",N,,,0
VS7RME6MLKS5,"Kennon Products, Inc.",1,0.745,absim 0.24,Phase II,2017,Anti-Ballistic Cabin Liner System for V-22,N68335-17-C-0572,N06-016,"The V-22 Osprey’s unique capabilities make it an ideal choice to support many insertion and extraction missions into hostile areas. These missions, however, expose the aircraft and crew to small arms fire. The V-22 is currently fielding armor kits that are installed over flooring panels and against",2019,2,"This contract is for the optimization of armor systems for the walls and floor of the V-22 aircraft cabin to increase threat protection, damage tolerance, and multi-hit capability.",Y,,,1
VS7RME6MLKS5,"Kennon Products, Inc.",2,0.089,absim 0.13,Phase I,2009,Lightweight Roadside Blast Protection,N00014-09-M-0352,N09-T032,"One of the greatest threats to American armed forces serving in Iraq and Afghanistan is the damage caused by mines, roadside bombs, and improvised explosive devices (IEDs).  The wide variety of device types, and increasing sophistication of these weapons, presents a growing challenge to protecting U",2023,14,"The Office of Naval Research (ONR) is interested in receiving white papers and full proposals for development of advanced technologies for low-observable/no-collateral damage neutralization of underwater mines and waterborne improvised explosive devices (WBIEDs). This research opportunity description provides: A) Program information (motivation, goals, and background); B) An operational vignette t",N,,,0
VS7RME6MLKS5,"Kennon Products, Inc.",3,0.07,absim 0.09,Phase I,2021,Advanced Low-Level Parachute System,M67854-21-P-6600,N202-088,"The primary objective of this project is to demonstrate the feasibility of sourcing commercial off-the-shelf (COTS) components, making minor modification if necessary, and facilitating component integration to fulfill Marine Corps requirements for an advanced low-level (ALL) parachute system. A prop",2016,-5,"The Marine Corps Systems Command awarded a fixed-price, sole-source, SIBR Phase III, 60-month (5, 12-month periods of performance), IDIQ contract to GS Engineering, Inc., Houghton, MI 49931 for the procurement of up to 1,162 wheel bank assemblies, support equipment associated with the assemblies, and support services for the assemblies. The wheel bank assemblies support a continiung requirement wi",N,,,0
WLVXMKJVQLQ5,EASEALERT LLC,1,0.444,absim 0.20,Phase I,2022,EaseAlert: Tactile Firefighter Alerting System Designed to Reduce Negative Cardiovascular ,1R43HL164225-01A1,NHLBI,"Project Abstract Sudden cardiac death (SCD) has been the leading cause of on-duty death (ODD) in the fire service over the past several decades, accounting for 51.6% of all ODDs in 2019. The primary factors that contribute to SCD among firefighters are overexertion and stress, and SCD is most likely",2024,2,"1. Description of Work. The contractor shall provide all necessary labor, personnel, supervision, management, tools, equipment, transportation, materials and any other items necessary to remove and replace the current Westnet alerting station and install a new fire department alerting system in accordance with this statement of work, any attached appendices, manufacturer standards, applicable US l",unk,,,1
WLVXMKJVQLQ5,EASEALERT LLC,2,0.024,absim 0.04,Phase I,2022,EaseAlert: Tactile Firefighter Alerting System Designed to Reduce Negative Cardiovascular ,1R43HL164225-01A1,NHLBI,"Project Abstract Sudden cardiac death (SCD) has been the leading cause of on-duty death (ODD) in the fire service over the past several decades, accounting for 51.6% of all ODDs in 2019. The primary factors that contribute to SCD among firefighters are overexertion and stress, and SCD is most likely",2023,1,"By providing situational awareness and stress testing, RSDN will enable DoD and commercial partners to appropriately address systemic risk in procurement and acquisition and to identify and mitigate systemic fragilities before they cause disruptions. The RSDN program will achieve these capabilities by developing a data integration platform and analytical toolkit for supply-and-demand networks. RSD",n,,,0
WLVXMKJVQLQ5,EASEALERT LLC,3,0.022,absim 0.02,Phase I,2022,EaseAlert: Tactile Firefighter Alerting System Designed to Reduce Negative Cardiovascular ,1R43HL164225-01A1,NHLBI,"Project Abstract Sudden cardiac death (SCD) has been the leading cause of on-duty death (ODD) in the fire service over the past several decades, accounting for 51.6% of all ODDs in 2019. The primary factors that contribute to SCD among firefighters are overexertion and stress, and SCD is most likely",2024,2,"To Whom it May Concern: This reference is made to the proposal submitted by Progeny System Corporation in response to Solicitation Number N6134022R0074. You are hereby notified that Progeny System Corporation was awarded a $26,340,567.00 cost-plus-fixed-fee contract including options. This contract provides for the Surface Training Readiness Management System (STRMS) design, development and delive",n,,,0
YA9SVLB76LM9,PERFECT POINT EDM CORPORATION,1,0.045,absim 0.06,Phase I,2021,Post Processing of M3D Printed Parts,FA8649-21-P-0566,AF203-CSO3,The mission of the Rapid Sustainment Office is to leverage technology to reduce sustainment costs and improve readiness. Numerous reports have indicated that a major challenge that our military faces is part shortages or part obsolescence. Metal 3D Printi,2015,-6,"The Naval Air Systems Command (NAVAIR) awarded Delvivery Order, N00019-22-F-1203 in support of the H-53K Aviation Logistics Environment (ALE), FY22 Sustainment effort, under BOA N00019-19-G-0029 to Sikorsky Aircraft Corporation, a Lockheed Martin Company, of 6900 Main St., Stratford, CT 06615-9129, on an other than full and open competitive basis to support the mission of PMA 261 CH-53K Heavy Lift",N,,,0
YA9SVLB76LM9,PERFECT POINT EDM CORPORATION,2,0.04,absim 0.08,Phase II,2023,Efficient Removal of In-Service Low Observable Materials via Controlled Spot Media Blastin,FA8649-23-P-0005,X224-ODCSO1,"Perfect Point designed, manufactured, and markets a self-contained spot media blaster (S-Blaster) that has been commercially available since 2014.  This device is used to remove typical aerospace grade coatings and materials from fastener heads to allow for ease of removal, damage mitigation from ab",2023,0,"The Office of Naval Research (ONR) is interested in receiving white papers and full proposals for development of advanced technologies for low-observable/no-collateral damage neutralization of underwater mines and waterborne improvised explosive devices (WBIEDs). This research opportunity description provides: A) Program information (motivation, goals, and background); B) An operational vignette t",N,,,0
YA9SVLB76LM9,PERFECT POINT EDM CORPORATION,3,0.03,absim 0.07,Phase I,2011,Electrical Discharge Machining (EDM) of Holes in F-35 Structure,FA8650-11-M-5141,AF103-150,ABSTRACT:  Hole preparation for aircraft manufacturing is the one of the highest manufacturing costs at approximately 30 percent. The current manual method for hole preparation is to drill a pilot hole (typically 0.128-inch diameter) then perform multiple reaming steps to achieve final diameter. Mil,2016,5,"1.0 Purpose & Background Call number W911W6-16-R-0003, Multifunctional Aircraft Technology for Survivability, solicits proposals for research and development to synergistically merge vulnerability reduction technology, susceptibility reduction technology, and rotorcraft structures technology to develop lightweight Multifunctional Aircraft Technology (MAT). This call is drafted in accordance with t",N,,,0
YAPUZLNJ1856,NOKOMIS INC,1,0.291,absim 0.17,Phase I,2019,Cyber-Physical Awareness of Weapon Systems,FA8649-19-P-A478,AF192-001,"Nokomis proposes to work with currently identified Air Force personnel to develop a test trial of commercially and Air Force sponsored cyber-physical awareness technology by identifying Air Force stakeholders. The goal of the Phase I effort is to define, and tailor existing cyber-physical capabiliti",2020,1,"August 26, 2019: AF CSO issued for pre-release September 24, 2019: AF begins accepting proposals October 23, 2019: AF Deadline for receipt of proposals no later than 8:00 p.m. ET NOTE: THE AIR FORCE WILL NOT ACCEPT PROPOSALS BEFORE SEPTEMBER 24, 2019. This solicitation applies to Air Force 19.3 AFWERX ""Special Topics"" (AF193-CS01, AF193-DCS01) and is not effective for any other SBIR/STTR topics wi",unk,,Not enough info in notice text snippet,0
YAPUZLNJ1856,NOKOMIS INC,2,0.129,absim 0.15,Phase I,2017,Hiawatha Anti-Helicopter Mine Mitigation System,W909MY-17-C-0023,A17-038,"Anti-helicopter mines are of increasing concern for helicopter operations, particular for low-flying or landing helicopter at insertion or resupply points.In addition to anti-helicopter mines, improvised explosive devices (IEDs) and man-portable air-defense systems (MANPADS) are also proliferating a",2023,6,"The Office of Naval Research (ONR) is interested in receiving white papers and full proposals for development of advanced technologies for low-observable/no-collateral damage neutralization of underwater mines and waterborne improvised explosive devices (WBIEDs). This research opportunity description provides: A) Program information (motivation, goals, and background); B) An operational vignette t",N,,,0
YAPUZLNJ1856,NOKOMIS INC,3,0.118,absim 0.12,Phase II,2025,Enhanced Counter-Surveillance via Hiawatha RF Sensing,W51701-25-C-A113,A234-P010,"UAS’s enable asymmetric warfare where small entities gain parity with larger states, as evinced by the war in Ukraine and UAS attacks by Iranian-backed proxies in the Middle East. Recently, there have also been several well publicized incidents of unidentified UAS observed over U.S. military bases h",2025,0,Employ the characteristics of atmospheric ducting and its effects on RF propagation to categorize the elevation of an overwater RF emitter as being within the duct or above the duct.,N,,,0
YBJLGEK2QL15,"PHASE FOUR, INC.",1,0.031,absim 0.04,Phase I,2021,Low-cost High-power Solar Electric Propulsion for Enhanced In-Space Maneuverability,FA8649-21-P-0685,AF203-CSO2,"With space now a contested domain, the Space Force requires new space-based capabilities designed to outperform and outmaneuver near peer adversaries to ensure successful space operations can continue to be accomplished in support of warfighting efforts.  In the pursuit of maintaining the United Sta",2022,1,"Energy Web Architectures. The Energy web study starts with understanding the energy is fundamental to national defense. It is currently expended to both create and deliver military effects. By harnessing emerging technologies in energy generation, storage, and distribution, DARPA can create a more flexible, adaptive, persistent, and resilient energy web to dominate future battlespaces and preserve",unk,,,1
YBJLGEK2QL15,"PHASE FOUR, INC.",2,0.028,absim 0.06,Phase II,2023,Catalytic Propellant Decomposition Chamber for Multi-Mode Propulsion,FA9300-23-C-6025,AF203-CSO2,"Under this TACFI effort, Phase Four will develop a propellant decomposition chamber (PDC) designed to break down ASCENT (“Advanced Spacecraft Energetic Non-Toxic” or formerly AF-M315E) and High Purity Hydrazine (HPH) propellants into a gaseous decomposed",2020,-3,"August 26, 2019: AF CSO issued for pre-release September 24, 2019: AF begins accepting proposals October 23, 2019: AF Deadline for receipt of proposals no later than 8:00 p.m. ET NOTE: THE AIR FORCE WILL NOT ACCEPT PROPOSALS BEFORE SEPTEMBER 24, 2019. This solicitation applies to Air Force 19.3 AFWERX ""Special Topics"" (AF193-CS01, AF193-DCS01) and is not effective for any other SBIR/STTR topics wi",unk,,Not enough info in notice text snippet,0
YBJLGEK2QL15,"PHASE FOUR, INC.",3,0.023,absim 0.05,Phase II,2025,Flight Development of an ASCENT Propellant Decomposition Chamber,FA9300-25-C-6024,J201-CSO1,Flight Development of an ASCENT Propellant Decomposition Chamber (PDC) Phase Four is advancing the Technology Readiness Level (TRL) of a novel Propellant Decomposition Chamber (PDC) from TRL 5 to TRL 7 through a structured flight development program. This effort will culminate in the delivery of two,2020,-5,"SMALL BUSINESS INNOVATION RESEARCH (SBIR) PHASE III JUSTIFICATION & APPROVAL FOR USE OF OTHER THAN FULL AND OPEN COMPETITION 1. Contracting Activity. Naval Air Warfare Center Aircraft Division (NAWC-AD) Lakehurst, NJ 2. Nature/Description of the Action Being Approved. This is a justification to award a Small Business Innovation Research (SBIR) Phase III Basic Ordering Agreement (BOA) order to Fron",unk,,Not enough info in notice text snippet,0
YEG4AQRRQFC6,MZA ASSOCIATES CORPORATION,1,0.927,id_cited,Phase II,2016,Naval Platform Aero-Optic Turbulence and Mitigation Methodology,N68335-16-C-0212,N13A-T001,MZA partnered with the University of Notre Dame proposes to transition the Navys HEFL Beam Director Subsystem (HBDS) for flight testing on the Airborne Aero-Optics Laboratory Transonic (AAOL-T) aircraft. We will reconfigure the HBDS integrating structure and aft beam control system to fit the cabin ,2017,1,"SMALL BUSINESS INNOVATION RESEARCH (SBIR) PHASE III JUSTIFICATION & APPROVAL FOR USE OF OTHER THAN FULL AND OPEN COMPETITION 1. Contracting Activity. Naval Air Warfare Center Aircraft Division (NAWC-AD) Lakehurst, NJ 2. Nature/Description of Action Being Approved. This is a justification to award a Small Business Technology Transfer (STTR) Phase III contract to MZA Associates Corporation (MZA), Da",unk,,Same company but not sure if same tech,1
YEG4AQRRQFC6,MZA ASSOCIATES CORPORATION,2,0.143,absim 0.11,Phase I,2011,Submarine Beam Director and Beam Control System,N00014-11-M-0202,N111-068,"This Phase I SBIR will address design issues for High Energy Laser Beam Director which fits in the Navy&#039;s Universal Modular Mast residing on Virginia class submarines. Our approach will be to derive submarine-specific requirements, and to adapt beam director and beam control system technology f",2015,4,"Progeny Systems Corporation, Manassas, Virginia, is being awarded a $456,007 modification to previously awarded contract (N00024-14-C-6220) to exercise options for the production of Technology Insertion 16 (TI-16) Acoustic Intercept and Ranging (AI&R) Technology Insertion Spares for the VIRGINIA Class Submarine, TI-16 AI&R Spares for the SSBN and SEAWOLF Class Submarines, and TI-16 Archival Media",Unk,,,0
YEG4AQRRQFC6,MZA ASSOCIATES CORPORATION,3,0.09,absim 0.09,Phase II,2010,Tactical Beam Director for Airborne High Energy Laser Applications,N68936-10-C-0041,N091-009,"This SBIR Phase II will provide risk reduction for the MH60S Helicopter Beam Director (HBD) as described in described in the Phase I Final Report, ""Tactical Beam Director for Airborne High Energy Laser Application,"" Contract N68936-09-C-0035. The primary emphases are to provide additional analysis a",2023,13,SBIR PHASE III award for ELITE v3 Emitter System. Follow on contract to SBIR Phase II contract FA8649-22-P-0646,N,,,0
ZFC8EAVYL8W2,"TRX SYSTEMS, INC.",1,0.204,absim 0.16,Phase I,2017,Mobile activity tracking system for field training and exercise assessment,FA8650-17-P-6851,AF171-033,"Live, virtual, and constructive training (LVC) has the potential to provide lower cost training in complex realistic operational scenarios with high training effectiveness. The benefits of LVC training have been demonstrated in use cases where the level o",2020,3,"The proposed effort, entitled Advancing Next Generation Training Solutions (ANGTS) aims to advance Marine Corps training capabilities by evolving emerging training technologies (Augmented Reality), developing training capabilities for human-robot teams, improving operational visualizations for RF signatures, revolutionizing infantry training After Action Reviews, and integrating physiological moni",N,,,0
ZFC8EAVYL8W2,"TRX SYSTEMS, INC.",2,0.076,absim 0.10,Phase II,2013,Distributed Navigation Solutions,W15P7T-13-C-A405,A11-097,TRX Systems will deliver a soldier navigation solution that uses team-wide information and collaborative distributed computing to provide a position accuracy of 1m in GPS denied environments.  The goal of high accuracy and robust navigation for mobile soldiers requires a flexible system design that,2022,9,"Synopsis - Notice of Intent to Award Small Business Innovation Research (SBIR) Sole Source Solicitation # W81K04-21-Q-0007 Subject: Adaptive Reconditioning Soldier Performance Platform in support of the U.S. Army Medical Command (MEDCOM) Deputy Chief of Staff Army Recovery Care Program (DCS, ARCP) Adaptive Reconditioning Programs (ARP) Medical Center (AMEDDC&S) The U.S. Army Health Contracting Act",Unk,,Not enough info in notice text snippet,0
ZFC8EAVYL8W2,"TRX SYSTEMS, INC.",3,0.066,absim 0.09,Phase I,2017,Mobile activity tracking system for field training and exercise assessment,FA8650-17-P-6851,AF171-033,"Live, virtual, and constructive training (LVC) has the potential to provide lower cost training in complex realistic operational scenarios with high training effectiveness. The benefits of LVC training have been demonstrated in use cases where the level o",2023,6,"Security training solution that enables Navy Security Forces personnel to get the requisite number of repetitions in a realistic training environment that is also time, space, and cost effective. A virtual reality platform software already deployed and in use within another branch of service in the Department of Defense (DoD) and has a demonstrable record of performance in meeting users� needs ove",unk,,Not enough info in notice text snippet,0