case_id,firm_name,firm_uei,candidate_type,candidate_year,candidate_owner_is_firm,candidate_text_snippet,match_award_year,match_award_title,match_award_phase,match_contract,match_abstract_snippet,first_sbir_year,years_since_first_sbir,lag_from_match,transition_confirmed,confidence_H_M_L,entity_same_firm,evidence_notes,reviewer
C001,"3 Phoenix, Inc.",GDMPJ7GMBH13,dod_notice,2019,0,"Small Business Innovation Research (SBIR) Phase III Contract with Teledyne Instruments, Inc. for Directional Acoustic Transponders previously developed under SBIR Topic Number N02-082.",2009,RF Over Optical Fiber,Phase II,N00024-09-C-4152,This Small Business Innovation Research (SBIR) Phase II proposal leverages technologies developed under SBIR Topic AF06-273 to develop cost-effective technology for Radio Frequency (RF) signal distribution over fiber onboard submarines. The technology has the ability to reduce RF signal loss over lo,2004,15,10,,,,,
C002,FIRST RF CORPORATION,LMF7NPZN43Z6,dod_notice,2024,0,Please see attached Solicitation # N6660421R0073 for this SBIR Phase III EW HMI sole source requirement.,2009,High Isolation Transmit/Receive Antennas for Advanced Electronic Warfare (EW) and Communic,Phase I,W15P7T-09-C-S014,"As modern battlefield scenarios require increasingly greater radio frequency (RF) capabilities from US Army ground vehicles, there is a corresponding requirement to develop antenna systems that ensure the mutual interoperability of these functions. Currently, there is an urgent requirement to addres",2003,21,15,,,,,
C003,"ADAPTIVE METHODS, INC.",KVNLHF7DEVX9,dod_notice,2020,0,Few-shot Learning via Domain Adaptation of Imperfectly Modeled Sonar Data to Real Sonar Data,2002,Surface Ship USW Sonar Data Fusion,Phase II,N00024-02-C-4128,"""The next generation USW combat system will implement improvedactive/passive sonar processing in a COTS architecture. Shipboardsensors include radar, hull array, towed array, and sonobuoys.The sonar analyst must efficiently manage a huge increase ininformation to realize the full potential of future",2004,16,18,,,,,
C004,"FUSE INTEGRATION, INC.",U35VSLMQRME6,dod_notice,2020,1,"This contract is for the demonstration of an airborne prototype Multi User Distributed Lethality Relay (MUDLR) system to include high capacity backbone, multi-beam CDL and CORE with cross domain interface providing dynamic network discovery and management.",2019,Holistic Interoperable Directional Data Enhancement Network,Phase II,FA8750-19-C-0068,"Currently fielded multi-beam CDL systems have been developed in an ad-hoc manner consisting of a collection of poorly integrated off the shelf technologies where controllers, radios, routers, firewalls, encryptors, and antennas are bolted together to reduce time to field. Proprietary APIâ€™s, electr",2012,8,1,,,,,
C005,EOSPACE INC.,JAUFFPDZBAG2,dod_notice,2022,0,"SMALL BUSINESS INNOVATION RESEARCH (SBIR) PHASE III JUSTIFICATION & APPROVAL FOR USE OF OTHER THAN FULL AND OPEN COMPETITION 1. Contracting Activity. Naval Air Warfare Center Aircraft Division (NAWC-AD) Lakehurst, NJ 2. Nature/Description of the Action Being Approved. This is a justification to awar",2004,Compact Array of Analog Modulators and Integrated Laser Source (CAAMILS) Module,Phase I,FA8750-04-C-0219,"EOSPACE proposes to develop a Compact Array of Analog Modulators and Integrated Laser Source (CAAMILS) module for use in a wide-bandwidth analog ladar scene projection system. Under Phase I, EOSPACE will use its unique, exceptionally low loss, lithium niobate (LiNbO3) integrated electro-optic waveg",2004,18,18,,,,,
C006,NAVMAR APPLIED SCIENCES CORP,M7L6QRM22UN4,dod_notice,2021,1,"SMALL BUSINESS INNOVATION RESEARCH (SBIR) PHASE III JUSTIFICATION & APPROVAL FOR USE OF OTHER THAN FULL AND OPEN COMPETITION 1. Contracting Activity. Naval Air Warfare Center Aircraft Division (NAWC-AD) Lakehurst, NJ 2. Nature/Description of the Action Being Approved. This is a justification to awar",2010,Coherent Active Sonar Waveform Analysis Using Pressure/Velocity Phase Comparison for Impro,Phase II,N68335-10-C-0494,"Navmar Applied Sciences Corporation was awarded a Phase I SBIR program for the Coherent Active Sonar Waveform Analysis Using Pressure/Velocity Phase Comparison for Improved Detection and Classification (Topic No. N091-010) under Contract No. N68335-09-C-0196, dated 14 April 2009 (based on Proposal N",2004,17,11,,,,,
C007,"CLARK-MXR, INC.",NAE2EHQUNH14,dod_contract,2022,1,"[$35,978] P/N: NS-SC",,Drilling 170 Micron Diameter Holes,Phase II,F29601-03-C-0197,Phase II of this SBIR Program will implement the technology and methods developed in Phase I by constructing a manufacturing workstation (the,,,,,,,,
C008,"TURNAROUND FACTOR, INC.",HVYMKMSL4V68,dod_notice,2025,0,"This is a SOURCES SOUGHT NOTICE and is for �information purposes only� to prepare a one-time buy for NSN 3020-01-461-2732, PR number 7003834106, Part Number 626857-3. This is NOT a request for proposals, quotations or bids. This notice is for informational and planning purposes only and shall not be",2022,Deployable UGR Assembly Facility,Phase II,SP4701-22-C-0001,Today DLA assembles and kits the UGR at a single facility in San Joaquin (DDJC). Any disruptions in the San Joaquin area would rapidly endanger DLA’s ability to supply UGRs. The fixed assembly and kitting location also prevents DLA from providing the flexibility to respond to emerging customer requi,2013,12,3,,,,,
C009,FIRST RF CORPORATION,LMF7NPZN43Z6,dod_notice,2020,1,"SMALL BUSINESS INNOVATION RESEARCH (SBIR) PHASE III JUSTIFICATION & APPROVAL FOR USE OF OTHER THAN FULL AND OPEN COMPETITION 1. Contracting Activity. Naval Air Warfare Center Aircraft Division (NAWC-AD) Lakehurst, NJ 2. Nature/Description of the Action Being Approved. This is a justification to awar",2008,On The Move (OTM) Ku/Ka SATCOM Capability for the EFV,Phase II,M67854-08-C-0026,The United States Military has an urgent need to develop affordable phased array antennas supporting SATCOM on the move (OTM) capabilities. Currently-available SATCOM terminals rely on gimbaled dish antennas integrated with broadband feed structures. Although dish antenna technology is well suited f,2003,17,12,,,,,
C010,"ADAPTIVE METHODS, INC.",KVNLHF7DEVX9,dod_notice,2017,0,"The Naval Undersea Warfare Center Divison, Newport (NUWCDIVNPT) is responsible for the engineering evaluation of various naval platforms. NUWCDIVNPT Code 85 has a requirement for engineering and technical services in developing Analytic Acoustic Models (AAM) and Finite Element Models (FEM) and condu",2002,Surface Ship USW Sonar Data Fusion,Phase II,N00024-02-C-4128,"""The next generation USW combat system will implement improvedactive/passive sonar processing in a COTS architecture. Shipboardsensors include radar, hull array, towed array, and sonobuoys.The sonar analyst must efficiently manage a huge increase ininformation to realize the full potential of future",2004,13,15,,,,,
C011,"ZetrOZ Systems, LLC",D34CKFE1TLW8,nasa_project,2014,1,"[Wearable, Sustained Acoustic Medicine for Back Pain] 1. Original project aims/objectives: Back pain due to disk-herniation and space-adaptation is a serious concern for the health and wellbeing for astronauts. Current therapeutic drugs and devices to treat space travel related back pain are either ",2015,Hydrogel-based Long-duration ultrasound wound dressing to enhance cellular regeneration and rapid wound closure,,W81XWH-15-C-0039,"Therapeutic ultrasound is a common modality for pain management and rehabilitation therapy which has been clinically utilized for 60 years. Specifically designed ultrasonic devices for accelerated healing and wound site debridement are generally hand-operated bulky systems. As such, they are used on",2013,1,-1,,,,,
C012,"COHERENT TECHNICAL SERVICES, INC.",J521EPLPW6L7,dod_notice,2017,1,"SMALL BUSINESS INNOVATION RESEARCH (SBIR) PHASE III JUSTIFICATION & APPROVAL FOR USE OF OTHER THAN FULL AND OPEN COMPETITION �1. Agency and Contracting Activity Department of the Navy, Naval Air Warfare Center Aircraft Division (NAWC-AD) Lakehurst, NJ �2. Nature/Description of Action(s) Being Approv",2016,Air Vehicle Communication in a Denied Environment,Phase II,N68335-16-C-0107,"Anti-Access, Area Denial (A2AD) environments feature intense jamming from both friend and foe that will disrupt Communications, Navigation, and Identification (CNI) functions on tactical aircraft like the F/A-18. Anti-Jam (AJ) and Low Probability of Detection (LPD) communications systems can restore",2006,11,1,,,,,
C013,"Correlated Solutions, Inc.",CMFWDCUV3CF1,dod_contract,2024,1,"[$99,995] VIC-3D SYSTEM UPGRADES",2012,"Full Field, Out-of-Plane Digital Image Correlation (DIC) from Ultra-High Speed Digital Cameras",Phase II,W911QX-12-C-0137,"We propose to develop and implement a full-field, non-contacting deformation and strain measurement system capable of operating at frequencies above 1 MHz with unprecedented accuracy. The system will incorporate two ultra-high speed cameras in order to obtain three-dimensional shape and deformation ",2010,14,12,,,,,
C014,"COHERENT TECHNICAL SERVICES, INC.",J521EPLPW6L7,dod_notice,2025,0,"This is a SOURCES SOUGHT NOTICE and is for �information purposes only� to prepare a one-time buy for NSN 3020-01-461-2732, PR number 7003834106, Part Number 626857-3. This is NOT a request for proposals, quotations or bids. This notice is for informational and planning purposes only and shall not be",2021,SAR Package for DLA Critical Supply Chains,Phase I,SP4701-21-P-0050,"Many DLA supported programs such as the Aircraft Launch and Recovery Equipment (ALRE) program, encounter supply limitations and bottlenecks due to lack of manufacturing or vendor capabilities. Coherent Technical Solutions Inc. (CTSi) is well prepared to support DLA as a Small Business Manufacturer (",2006,19,4,,,,,
C015,RDA INC.,MCW6XX5ENZP5,dod_notice,2021,0,"SMALL BUSINESS INNOVATION RESEARCH (SBIR) PHASE III JUSTIFICATION & APPROVAL FOR USE OF OTHER THAN FULL AND OPEN COMPETITION 1. Contracting Activity. Naval Air Warfare Center Aircraft Division (NAWC-AD) Lakehurst, NJ 2. Nature/Description of the Action Being Approved. This is a justification to awar",1998,Signal Processing and System Concepts to Exploit Passive Signals in Airborne Active ASW Mi,Phase I,,"Future Airborne ASW tactics will depend heavily upon the use of active sonar and bistatics with a distributed field of sonobuoys as the primary means of initial target detection and localization. However, the bistatic detection and classification problem is compounded by short contact times, evasive",2004,17,23,,,,,
C016,Brandywine Photonics LLC,E43JPAY7M493,nasa_project,2018,1,"[Doppler Wind and Temperature Sounder: IR Limb Emission Sensor Development] Key Objectives: We propose to develop and test, in the laboratory and from a balloon platform, a prototype limb emission sensor that will eventually be the basis for a space based high altitude temperature and wind sounder r",2019,Compact Hyperspectral Infrared Sounding Instrument Mission,,FA9453-19-P-0565,"The MetNet Space Consortium is currently developing a network of LEO small weather satellite constellations including imagers, upper atmosphere dynamics, microwave, space weather, and most importantly Hyperspectral IR Sounders. The proposed Compact Hyperspectral Infrared Sounding Instrument (CHISI) ",2017,1,-1,,,,,
C017,"ADAPTIVE METHODS, INC.",KVNLHF7DEVX9,dod_notice,2019,0,"This effort is for a Multi-Asset Mission Planning and Execution Monitoring (MAPEM) System for use by Airwing Planners, Maritime Operations Center (MOC) Personnel, Compostie Warfare Commander (CWC) planners and watch standers to participate in time-sensitive strike planning and execution monitoring.",2011,Environmentally Constrained Naval Search Planning Algorithms,Phase II,N00024-11-C-4165,Our Context-Aware Multiple Objective Planning (CMOP) is focused on the expansion and refinement of the mission planning capability in order to more fully support the capabilities required by Under Sea Warfare Decision Support System (USW-DSS). This includes expanding the spatial-temporal and semanti,2004,15,8,,,,,
C018,Form Fit and Function LLC ,NTSHMATMUFH7,dod_notice,2024,0,"Defense Logistics Agency (DLA) Aviation is issuing this Sources Sought Notice as a means of conducting market research to determine if other companies are capable of manufacturing (or legitimately obtaining) the following item 2840-01-127-3200, Seal, Labyrinth. This item is currently manufactured by",2024,Reverse Engineering and Source Approval for Critical Components of Aging Weapon Systems,Phase I,SP4701-24-P-0016,"During this project, Source Approval will be sought for critical components of aging weapons systems, where the OEMs are no longer in business, or the current number of suppliers is limited, leading to increased costs to the government. Source Approval RequestĀ(SAR) packages will be developed from T",2008,16,0,,,,,
C019,Care Weather Technologies,GVM1WS3JLDN5,nasa_project,2025,1,"[Veery: Flat-panel Scatterometer for Hourly Ocean Surface Vector Winds] Current sources of ocean surface vector winds (OSVW) have significant limitations in temporal sampling. Without frequent, global OSVW, it's impossible to observe large-scale extreme weather systems at the level required to thoro",2024,Veery: Flat-panel Scatterometer for Hourly Ocean Surface Vector Winds,,FA2541-25-C-B017,"Scatterometers are key to filling many of important SBEM capability gaps. These gaps put the warfighter in danger and threaten mission success, especially under extreme weather conditions. Of particular note is the lack of all-weather ocean surface vector wind (OSVW) observations, which currently ha",2021,4,1,,,,,
C020,RDA INC.,MCW6XX5ENZP5,dod_notice,2021,0,"SMALL BUSINESS INNOVATION RESEARCH (SBIR) PHASE III JUSTIFICATION & APPROVAL FOR USE OF OTHER THAN FULL AND OPEN COMPETITION 1. Contracting Activity. Naval Air Warfare Center Aircraft Division (NAWC-AD) Lakehurst, NJ 2. Nature/Description of the Action Being Approved. This is a justification to awar",2012,Environmental Wideband Acoustic Receiver and Source (EWARS),Phase II,N68335-12-C-0054,"The U.S. Navy requires a new Environmental Wideband Acoustic Receiver and Source (EWARS) sensor to facilitate the gathering of environmental data from Navy ASW platforms. The newly developed EWARS sensor must be deployable in shallow and deep environments, and be capable of operating over a broad sp",2004,17,9,,,,,
C021,EOSPACE INC.,JAUFFPDZBAG2,dod_notice,2023,0,"LaserMotive, Inc. dba PowerLight Technologies proposes to investigate key Optical Power Transmission technologies that may include, but not be limited to, Fiber Optic Cable Assemblies and Optical Power Transmitter Emissions. The investigations will focus on the identification of factors influencing ",2019,"Ultra-Fast, High-Power-Handlering, Electro-Optic Switch",Phase II,N68335-19-C-0038,A very fast 1xN optical switch capable of handling high-optical power is proposed. It is designed for switching laser power from a central source to multiple outputs using photonic switch technology that does not have any mechanical moving parts. It is designed to have a very compact size and high-r,2004,19,4,,,,,
C022,APTIMA INC,K1GCPNNZKEN7,dod_notice,2018,0,"SMALL BUSINESS INNOVATION RESEARCH (SBIR) PHASE III JUSTIFICATION & APPROVAL FOR USE OF OTHER THAN FULL AND OPEN COMPETITION 1. Contracting Activity. Department of the Navy, Naval Air Warfare Center Aircraft Division (NAWC-AD) Lakehurst, NJ 2. Nature/Description of the Action Being Approved. This is",2011,Tool for Rapid Assessment of Cognitive Readiness in Teams (TRACR-T),Phase I,N00014-11-M-0106,"In today&quot;s collaborative environment, mission success depends on the skills and readiness of each team member. But independently capable individuals are not necessarily ready to function optimally in a team setting. Consequently, assessment of team cognitive readiness requires more than measuri",2003,15,7,,,,,
C023,"QUASAR FEDERAL SYSTEMS, INC.",SJM2LD5W43Q5,dod_contract,2010,1,"[$67,050] TASK ORDER 02 ELECTRONIC SENSORS RDRL-SES-P",2024,"Miniature Oriented Tri-Axial Fluxgate Magnetometer Sensor, Phase II.5",Phase II,N68335-24-C-0240,"During the initial Phase II SBIR project, QFS designed, built, calibrated, and field tested an integrated 3-axis fluxgate prototype and developed an active noise cancellation algorithm based on the sensor's intrinsic properties. Field tests on recreational boats demonstrated that the algorithm enabl",2007,3,-14,,,,,
C024,MIKEL INC,JDUKDPBD4JT9,dod_notice,2020,0,Few-shot Learning via Domain Adaptation of Imperfectly Modeled Sonar Data to Real Sonar Data,2019,Non-collinear Wave-front Curvature Range Measurement,Phase II,N68335-19-C-0091,"The goal of this Phase II SBIR is to extract more information from existing submarine acoustic sensors through a highly innovative inter- and intra-sensor correlation algorithmic, in order to provide U.S. submarines with increased acoustic superiority over increasingly quiet adversaries. U.S. advers",2004,16,1,,,,,
C025,NOKOMIS INC,YAPUZLNJ1856,dod_notice,2020,0,"August 26, 2019: AF CSO issued for pre-release September 24, 2019: AF begins accepting proposals October 23, 2019: AF Deadline for receipt of proposals no later than 8:00 p.m. ET NOTE: THE AIR FORCE WILL NOT ACCEPT PROPOSALS BEFORE SEPTEMBER 24, 2019. This solicitation applies to Air Force 19.3 AFWE",2019,Cyber-Physical Awareness of Weapon Systems,Phase I,FA8649-19-P-A478,"Nokomis proposes to work with currently identified Air Force personnel to develop a test trial of commercially and Air Force sponsored cyber-physical awareness technology by identifying Air Force stakeholders. The goal of the Phase I effort is to define, and tailor existing cyber-physical capabiliti",2005,15,1,,,,,
C026,"TURNAROUND FACTOR, INC.",HVYMKMSL4V68,dod_notice,2018,0,"SMALL BUSINESS INNOVATION RESEARCH (SBIR) PHASE III JUSTIFICATION & APPROVAL FOR USE OF OTHER THAN FULL AND OPEN COMPETITION 1. Contracting Activity. Department of the Navy, Naval Air Warfare Center Aircraft Division (NAWC-AD) Lakehurst, NJ 2. Nature/Description of the Action Being Approved. This is",2021,Extensible AR and Hardware Capability Packages for Remote Maintenance,Phase II,N68335-21-C-0310,"readiness, readiness, telepresence, AR, Remote Work",2013,5,-3,,,,,
C027,"CMSOFT, INC.",CMZ6LMJZAMS3,dod_contract,2020,1,"[$100,000] CMSOFT AEROS KRYLOV ACCELERATOR ENHANCEMENTS",2022,Extending the Scope of Applications of Kestrel to Parachute Deployment and Aircraft Braking,Phase II,FA9550-22-C-0012,"During Phase I of this STTR project, CMSoft and Virginia Tech completed the design of a Chimera-based approach for coupling Kestrel with AERO Suite in order to enable: the simulation of parachute inflation dynamics and various other operations of Aerodyna",2006,14,-2,,,,,
C028,"TECHNICAL DATA ANALYSIS, INC.",KCLCXA6CAD85,dod_notice,2017,0,This award is for the purpose of maturing and validating the MD7 system such that it can be fielded on teh CH-53K at the completion of the contract.,2019,Combined Analytical and Experimental Approaches to Rotor and Dynamic Component Stress Pred,Phase II,N68335-19-C-0232,"The objective of rotorwise™ is to provide better loads prediction for rotor components, leading to more accurate, more reliable fatigue life predictions and fleet management. rotorwise™ works as follows. In the modal domain, changes in the applied loads are related to changes in measured response (e",2008,9,-2,,,,,
C029,Zeno Power Systems,H3C5EJV1XTM1,nasa_project,2024,1,"[Lunar Dynamic Power Conversion Study] <div style=""font-family:'segoe ui';font-size:11pt""><p style=""margin:0"">Lunar Dynamic Power Conversion Study (DYNAPOW-Study) is designed to address a draft Foundational Capability in the Advanced Power and Thermal category identified by NASA's Space Technology M",2021,Next-Generation Radioisotope Power System,,FA8649-21-P-0503,"A 2018 Army study cited that U.S. and allied forces incurred 18,000 casualties due to refueling and resupply operations in Iraq and Afghanistan contingency zones. In 2009, the House Armed Services Committee declared that it costs U.S. taxpayers $400/gallon to get diesel fuel to the warfighter. As a ",2018,6,3,,,,,
C030,Triad Semiconductor,GJKPGEL3JMJ1,nasa_project,2016,1,[A Radiation Hardened Housekeeping Slave Node (RH-HKSN) ASIC] <p>This projects seeks to continue the development of the Radiation Hardened Housekeeping Slave Node (RH-HKSN) ASIC. The effort has taken parallel paths by implementing the concept as (1) a custom ASIC re-using robust in-house rad-hard IP,2015,Reconfigurable Course-Grain Analog Arrays,,FA9453-15-C-0400,ABSTRACT:A radiation hardened via-configurable mixed signal array (RHVCA-1) is proposed to provide a rapid prototyping mixed signal platform for implementing radiation hardened and high performance custom analog system designs. In phase I the feasibility of implementing RHVCAs was investigated. In t,2009,7,1,,,,,
C031,APTIMA INC,K1GCPNNZKEN7,dod_notice,2022,0,"This announcement is a BAA Call against the ONR FY22 Long Range Broad Agency Announcement (N00014-22-S-B001). The submission of white papers, proposals, their evaluation(s) and the subsequent awards will be carried out as described in the aforementioned Long Range BAA. The Large Area Clearance Exper",2025,Virtual Ordnance Readiness Training for Explosive (VORTEX) ? ?,Phase I,W51701-25-C-A214,"Explosive Ordnance Disposal (EOD) technicians serve as the bomb squad for the US Army. When a weapons system is damaged, EOD technicians must “download” (remove) all the explosive rounds, missiles, or other explosive hazards before it can be repaired. But access to EOD training is limited, as there",2003,19,-3,,,,,
C032,"COHERENT TECHNICAL SERVICES, INC.",J521EPLPW6L7,dod_contract,2024,1,"[$7,056] GOV'T PURCHASE CARD, OCTOBER 2024",2024,Aerial Refueling Tanker and Receiver Aerodynamic Interaction Modeling and Simulation – Software Application,Phase II,N68335-23-C-0265,"In aerial refueling operations, a heavy, fuel-laden tanker aircraft often operates at a high lift coefficient which imparts significant velocity perturbations upon the downstream flow field. As the trailing receiver aircraft maneuvers within this tanker wake, it experiences position-dependent aerody",2007,17,0,,,,,
C033,"VRC Metal Systems, LLC",N74FCX6AGAZ5,dod_notice,2025,0,The purpose of this effort is to advance additive friction stir deposition (AFSD)/Cold Spray (CS) manufacturing technologies to provide a turnkey solution for enhanced warfighter sustainment and performance by accelerating adoption of newer advanced manufacturing technologies; establish digital thre,2024,In-Situ Solid State Repair and Refurbishment of AM-2 Aluminum Mats,Phase I,N68335-24-C-0422,Expeditionary airfields are in need of an efficient in-situ repair method to reduce operation downtime while being serviced. Cold spray offers effective in-situ repair capabilities while remaining sufficiently portable for use in remote locations. Repairs done through cold spray can be further impro,2015,10,1,,,,,
C034,"Electro Standards Laboratory, Inc.",RDRYVJJX3NA5,dod_notice,2025,0,Closed Loop Sedation and Anesthesia Delivery System for ACCS Delivery System for ACCS,2003,Sensorless Control of Linear Motors,Phase I,N00178-03-C-3042,"Closed-loop control techniques such as those based on inner loop vector current control are well suited to meeting these performance criteria. However, they require flux or armature position knowledge which is usually based on the use of mechanicalfeedback sensors. Mechanical feedback sensors for",2007,18,22,,,,,
C035,"Rocket Lab USA, Inc.",EUXNBKLC23G1,nasa_project,2020,1,"[Rocket Lab USA, Inc. Proposal to the National Aeronautics and Space Administration (NASA) Space Technology Announcement of Collaborative Opportunity (ACO)] Advanced re-entry and recovery technologies are critical for reliably transporting humans and payloads to and from space. Testing aims to matur",2015,Low Cost Expendable Launch Technology,,W911NF-15-P-0062,"Rocket Lab USA, Inc. proposes to develop and demonstrate how the use of the Electron launch vehicle either as an upper stage in support of the XS-1 program or dedicated small launch vehicle could employ the use of Automated Flight Termination (AFTS) technologies to reduce the cost of access to space",2015,5,5,,,,,
C036,BIHRLE APPLIED RESEARCH INC,M5AKXCM37D31,dod_notice,2020,0,"The proposed effort, entitled Advancing Next Generation Training Solutions (ANGTS) aims to advance Marine Corps training capabilities by evolving emerging training technologies (Augmented Reality), developing training capabilities for human-robot teams, improving operational visualizations for RF si",2008,Total Envelope Modeling Application for Transport Aircraft,Phase I,N68335-08-C-0180,"As the military increasingly relies on the militarization of commercial items, the need to assess these items in the military operational environment is key. This is particularly important in the use of commercial transport aircraft, where operational demands greatly differ between civil and militar",2005,15,12,,,,,
C037,"VRC Metal Systems, LLC",N74FCX6AGAZ5,dod_notice,2020,0,"August 26, 2019: AF CSO issued for pre-release September 24, 2019: AF begins accepting proposals October 23, 2019: AF Deadline for receipt of proposals no later than 8:00 p.m. ET NOTE: THE AIR FORCE WILL NOT ACCEPT PROPOSALS BEFORE SEPTEMBER 24, 2019. This solicitation applies to Air Force 19.3 AFWE",2020,Open Call for Science and Technology Created by Early-Stage (e.g. University) Teams,Phase I,FA8649-20-P-0398,"There are two main objectives that this proposal addresses. The first is to determine the alloy compound ratio, such as Si, Al, Fe, Sn, Mn etc. at what ratio our alloy provides the best performance to cost benefit for the Air Force. We will partner with the Air Force to perform anode testing to dete",2015,5,0,,,,,
C038,CorePower Magnetics,ZG4MT7M5THD1,nasa_project,2022,1,"[Advanced Co-Based Nanocrystalline Soft Magnetics for Extreme Temperature Inductor Applications] The NASA Hot Operating Temperature Technology (HOTTech) program seeks to push existing state-of-art electronic component technologies beyond current capabilities, with targeted operating temperatures of ",2021,"Power Dense, High Temperature Stable Inductors for Electrified Vehicles with Permeability Engineered Metal Amorphous Nan",,FA8649-21-P-0305,"Electrification trends across the Air Force mission space have increased demand for high power, highly efficient, and power dense electrical energy conversion. Magnetic cores and components (transformers, inductors, rotor / stator) serve a critical function in power electronics (PE) based converters",2021,1,1,,,,,
C039,RDA INC.,MCW6XX5ENZP5,dod_notice,2021,1,"SMALL BUSINESS INNOVATION RESEARCH (SBIR) PHASE III JUSTIFICATION & APPROVAL FOR USE OF OTHER THAN FULL AND OPEN COMPETITION 1. Contracting Activity. Naval Air Warfare Center Aircraft Division (NAWC-AD) Lakehurst, NJ 2. Nature/Description of the Action Being Approved. This is a justification to awar",2003,Air Antisubmarine Warfare (ASW) Environmental Characterization using Existing Tactical Sen,Phase I,N68335-03-C-0147,"New ways are sought to improve air ASW search performance by estimating acoustic environmental parameters using existing Fleet assets. Successful ASW missions require characterization of the environment that is accurate, current, and local. Currenttechniques include pre-mission planning efforts us",2004,17,18,,,,,
C040,Phase Four LLC,YBJLGEK2QL15,nasa_project,2020,1,[Lifetime Trend Testing of the Phase Four RF Thruster for Small Spacecraft Missions] <p>This partnership aims to perform lifetime trend testing of the Phase Four Radio Frequency Thruster (RFT) utilizing vacuum chambers and subject matter expertise resident at NASA Glenn Research Center (GRC). Result,2025,Flight Development of an ASCENT Propellant Decomposition Chamber,,FA9300-25-C-6024,Flight Development of an ASCENT Propellant Decomposition Chamber (PDC) Phase Four is advancing the Technology Readiness Level (TRL) of a novel Propellant Decomposition Chamber (PDC) from TRL 5 to TRL 7 through a structured flight development program. This effort will culminate in the delivery of two,2020,0,-5,,,,,
C041,SQUISHY ROBOTICS INC,HUB4QU2MDE14,dod_notice,2019,0,"Small Business Innovation Research (SBIR) Phase III Contract with Teledyne Instruments, Inc. for Directional Acoustic Transponders previously developed under SBIR Topic Number N02-082.",2018,"SBIR Phase I: Shape-shifting robots for Disaster Rescue, Monitoring, and Education",Phase I,1747189,"The broader impact/ commercial potential of this project is to commercialize previous research in tensegrity robots for new markets in disaster rescue, surveillance, scientific monitoring, and STEM (Science, Technology, Engineering and Math) education. Future deaths by both victims and first respond",2018,1,1,,,,,
C042,INTELLISENSE SYSTEMS INC,C4Y5CNN55L37,dod_notice,2024,0,"To Whom it May Concern: This reference is made to the proposal submitted by Progeny System Corporation in response to Solicitation Number N6134022R0074. You are hereby notified that Progeny System Corporation was awarded a $26,340,567.00 cost-plus-fixed-fee contract including options. This contract ",2019,Revolutionary Avionics Display System,Phase II,FA8650-19-C-6031,"To address the Air Forceâ€™s need for a form-fit-function replacement Video Display Terminal (VDT), Physical Optics Corporation (POC) proposes to logically extend the achievements accomplished in the Revolutionary Avionics Display Phase II Enhancement (RAD-IIE) contract by executing the MC-130J Vide",2014,10,5,,,,,
C043,"SEACORP, LLC",DMPKMH1MFSQ1,dod_contract,2025,1,"[$183,006] SERVICES FOR THE DEVELOPMENT, UPGRADE, AND APPLICATION OF THE EXTENSIVE MARKUP LANGUAGE TEST DATA ANALYSIS TOOL.",2019,Solid State Radar Emitter Identification,Phase II,N68335-19-C-0145,The ultimate goal of this SBIR effort is to deliver improvements to existing Fleet electronic warfare support systems by using statistical learning techniques to aid in the classification and unique identification of modern radar emitters. Since software-defined and solid-state emitters do not have ,2004,21,6,,,,,
C044,BIHRLE APPLIED RESEARCH INC,M5AKXCM37D31,dod_notice,2019,1,"SMALL BUSINESS INNOVATION RESEARCH (SBIR) PHASE III JUSTIFICATION & APPROVAL FOR USE OF OTHER THAN FULL AND OPEN COMPETITION 1. Contracting Activity. Naval Air Warfare Center Aircraft Division (NAWC-AD) Lakehurst, NJ 2. Nature/Description of the Action Being Approved. This is a justification to awar",2003,A System for Modeling the Effects of Unsteady Aerodynamics in Flight Simulations,Phase I,N68335-03-C-0132,"A method for modeling the effects of unsteady steady aerodynamics has been proposed during a phase I effort will be investigated further by Bihrle Applied Research Inc (BAR). In order to be compatible with existing simulation and conventional datacollection methods, this new method makes use of exis",2005,14,16,,,,,
C045,"TeraMetrix, LLC",U8AFCLY28UJ3,dod_contract,2020,1,"[$49,995] RUGGEDIZED, LOWER COST, TERAHERTZ LOW OBSERVABLE THICKNESS MEASUREMENT SYSTEM FOR AIRCRAFT DEPOT AND FIELD SUSTAINMENT",2020,"Ruggedized, Lower Cost, Terahertz Specialty Coating Thickness Measurement System for Aircraft Depot and Field Sustainmen",Phase II,FA8684-20-C-1031,"A prototype ruggedized, size, and cost-reduced “Next Generation Handheld THz Specialty Coating Thickness Measurement System for Aircraft Depot and Field Sustainment” will be designed, tested and delivered. The prototype will be evolved from TeraMetrix’s COTS light duty single point gauge (SPG) produ",2004,16,0,,,,,
C046,Ambrosia Space Manufacturing Corporation,LG1AHB1S72A9,nasa_project,2025,1,[Cell Separation Centrifuge for Nutrient Production for Crewed Missions] <p>Ambrosia Space is building scalable in-space biomanufacturing systems for large-scale protein and nutrient manufacturing. The Cell-Sep Technology is able to process large volumes of liquid-based cell culture efficiently in r,2025,Development of Co-Cultures for Benchtop Scale Beta-carotene Production in Microgravity,,FA9550-25-P-B006,"Biomanufacturing has the potential to be an enabling technology for space exploration and other austere environments, with potential in-situ manufacturing applications that range from the production of food and chemicals to waste reclamation and soil remediation, with many other applications in betw",2025,0,0,,,,,
C047,NEUROWAVE SYSTEMS INC,J8LLPBAEMJG3,dod_notice,2021,0,"This action is a result of previous Other Transaction Agreement (OTA). Vertex (incumbent, Woman Owned Small Business) will receive a Small Business Innovative Research (SBIR) Phase III prototype, FAR based, contract to deliver future/maintain current prototype devices. The Phase III prototype follow",2019,Automated Intravenous Anesthesia Delivery to Improve Outcome in Children-TIVAPeds,Phase II,2R44GM112358-02,"SPECIFIC AIMS The overall objective of this Program is to develop the TIVAPeds, an anesthesia ‘auto-pilot’ drug delivery platform designed to administer Total Intravenous Anesthesia (TIVA) in children 2-yrs and older. The proposed platform integrates a brain monitor whose output is used to automatic",2009,12,2,,,,,
C048,"Generation Orbit Launch Services, Inc.",JJGCWZSVYTL5,nasa_project,2015,1,"[Technology Maturation and Flight Validation for Air Launched Liquid Rockets] Generation Orbit’s (GO) partnership with AFRC involved a flight test campaign for the company’s GOLauncher 1 Inert Test Article (GO1-ITA), a mass properties and aerodynamics simulator. Researchers plan to launch GOLauncher",2017,Air Launch Testbed for Endoatmospheric Hypersonic Trajectories,,FA8650-17-C-2414,"The scope of this work includes design, analysis, manufacturing, integration, and test of the GO1 hypersonic flight test platform. The Contractor shall complete design of the system, qualify the system for flight through ground testing, and validate the f",2014,1,-2,,,,,
C049,SQUISHY ROBOTICS INC,HUB4QU2MDE14,dod_notice,2020,0,"August 26, 2019: AF CSO issued for pre-release September 24, 2019: AF begins accepting proposals October 23, 2019: AF Deadline for receipt of proposals no later than 8:00 p.m. ET NOTE: THE AIR FORCE WILL NOT ACCEPT PROPOSALS BEFORE SEPTEMBER 24, 2019. This solicitation applies to Air Force 19.3 AFWE",2019,SBIR Phase II: Rapidly Deployable Mobile Sensor Robots for Disaster Response and Monitorin,Phase II,1927010,"The broader impact/commercial potential of this project is to commercialize previous research in tensegrity robots for new markets in disaster response. Future deaths and injuries of both victims and first responders during disaster rescues in unchartered, risky environments could be prevented by ra",2018,2,1,,,,,
C050,"SIGNATURE RESEARCH, INC.",GYJ7A9CU49A4,dod_contract,2016,1,"[$49,994] IGF::OT::IGF BRIDGE GAP PURCHASE ORDER",2024,RF Modeling for Weapon Systems ML-ATR Algorithm Training,Phase II,FA8649-24-P-0443,The main objective of this effort is to develop tools and techniques to augment synthetic data generated from Xpatch at Ku- and Ka-bands to train a machine learning automatic target recognition (ML-ATR) algorithm that performs well on highly diverse data sets ľ not just on the training data set. The,2010,6,-8,,,,,
C051,NEUROWAVE SYSTEMS INC,J8LLPBAEMJG3,dod_notice,2025,1,Closed Loop Sedation and Anesthesia Delivery System for ACCS Delivery System for ACCS,2011,Deployable Closed-Loop Anesthesia System,Phase I,W81XWH-11-C-0078,"This proposal will address the needs described in sub-topic OSD10-H05 (&quot;Deployable Automated Analgesia and Anesthesia System&quot;), by developing the AutoTIVATM, a portable closed-loop anesthesia system based on non-invasive cortical monitoring. This system w",2009,16,14,,,,,
C052,Form Fit and Function LLC ,NTSHMATMUFH7,dod_notice,2019,0,(1) This J&A contains Controlled Unclassified Information and is therefore attached as a secure document. Contractors must be certified through Defense Logistics Information Services (DLIS) in order to access CUI. See the DLIS website for registration details at http://www.dlis.dla.mil/jcp/,2020,Reverse Engineering Technical Data Packages for Development of Alternate Sources of Supply,Phase II,SP4701-20-C-0069,"This SBIR Phase II proposal to the Defense Logistics Agency (DLA), requests funding for Form Fit and Function, LLC, a small disadvantaged, HUBZone Certified Business, to perform research, including where applicable, reverse engineering, in the development of an SAR package for 29 different NSNs for",2008,11,-1,,,,,
C053,"TECHNICAL DATA ANALYSIS, INC.",KCLCXA6CAD85,dod_notice,2017,1,"SMALL BUSINESS INNOVATION RESEARCH (SBIR) PHASE III JUSTIFICATION & APPROVAL FOR USE OF OTHER THAN FULL AND OPEN COMPETITION 1. Contracting Activity. Department of the Navy, Naval Air Warfare Center Aircraft Division (NAWC-AD) Lakehurst, NJ 2. Nature/Description of the Action Being Approved. This is",2018,Web-based Application for Aircraft Component Fatigue Life Management,Phase I,N68335-18-C-0773,"Navy aircraft data are stored in several database management systems, both in digital format (data recorders and sensors) and paper records. Additionally, with respect to life management and maintenance, and repair and overhaul (MRO) activities. This approach results in multiplicity of data, some co",2008,9,-1,,,,,
C054,"Fracture Analysis Consultants, Inc",H593X9MY8ML5,nasa_project,2015,1,"[Life Prediction for FRP composites with Data Fusion & Machine Learning] <p>High-fidelity, probabilistic predictions of damage evolution in fiber-reinforced polymer (FRP) composite structures could accelerate development and certification of new concepts through a reduction in the need for physical ",2011,Three-Dimensional (3-D) Crack Growth Life Prediction for Probabilistic Risk Analysis of Turbine Engine Metallic Componen,,FA8650-11-M-5136,"ABSTRACT: The Air Force has been placing increased emphasis on probabilistic methods for predictions of design reliability of fracture critical engine components, including metallic turbine engine blades and disks. Current state-of-the-practice for these methods typically include a significant amoun",2006,9,4,,,,,
C055,GS ENGINEERING INC,DXQNDRLMNY25,dod_notice,2016,1,"The Marine Corps Systems Command awarded a fixed-price, sole-source, SIBR Phase III, 60-month (5, 12-month periods of performance), IDIQ contract to GS Engineering, Inc., Houghton, MI 49931 for the procurement of up to 1,162 wheel bank assemblies, support equipment associated with the assemblies, an",2012,HMMWV Variable Vehicle Cone Index (VCI),Phase I,M67854-12-C-6543,The Marine Corps in support of the war fighter has identified the need to increase the mobility of the HMMWV platform to conform to the ORD. As operational theaters constantly change and require the HMMWV platform to operate in soils that have a RCI less than the current vehicle VCI the overall abil,2003,13,4,,,,,
C056,"Learntowin, Inc.",M47BF35WGFC5,dod_notice,2020,0,"The proposed effort, entitled Advancing Next Generation Training Solutions (ANGTS) aims to advance Marine Corps training capabilities by evolving emerging training technologies (Augmented Reality), developing training capabilities for human-robot teams, improving operational visualizations for RF si",2019,"Learn to Win: Next Generation Training Platform for Elite Sports Teams, Re-tasked for Air ",Phase II,FA8649-19-C-A060,"Learn 2 Win is an interactive, mobile learning platform used by top football and basketball teams to train their athletes. Current clients include the University of North Carolina, University of Michigan, Stanford University, University of Notre Dame, many other NCAA programs, and over 400 high scho",2019,1,1,,,,,
C057,"BASECONNECT, LLC",GKVMZBMK7YG9,dod_notice,2023,0,"This is a one-time, Firm-Fixed Price (FFP) Purchase Order. The following items are to be procured: NOMENCLATURE: CABLE ASSEMBLY, SPECIAL PART NUMBER: 7001-2900-200 FSCM: 51190 QUANTITY: 8 EACH FAR 52.246-17, Warranty of Supplies of a Non-Complex Nature, applies to the resultant contract. PRIOR TO SH",2019,RAPID - Open Call for Innovative Defense-Related Dual-Purpose Technologies/Solutions with ,Phase II,FA8650-19-9-9334,"BaseConnect plans to further develop ReCaller(TM) to allow for emergency management, recalling functionality and messaging in order to rapidly account and communicate with users around the world. Our objectives are to create a secure recall and messaging platform that can be used by the Department o",2018,5,4,,,,,
C058,"THERMOANALYTICS, INC.",W1XGW9YPELM6,dod_contract,2015,1,"[$58,500] NON-ACAT, NASIC/SCXA, MUSES SOFTWARE",2024,Synthetic Image Generation for AI/ML,Phase II,W51701-24-C-0132,"The rapid development of deep learning has enabled powerful image recognition algorithms. These algorithms require a large set of training images on which to base statistical predictions, and often the acquisition of a suitable image library (in terms of quality and quantity) is a limiting factor. T",2003,12,-9,,,,,
C059,APTIMA INC,K1GCPNNZKEN7,dod_notice,2020,0,"The proposed effort, entitled Advancing Next Generation Training Solutions (ANGTS) aims to advance Marine Corps training capabilities by evolving emerging training technologies (Augmented Reality), developing training capabilities for human-robot teams, improving operational visualizations for RF si",2009,Live-Training Objective Performance Measures for After Action Reviews (LOPMAAR),Phase I,M67854-09-C-6546,"Live training is the United States Marine Corps’ preferred method of training infantry operations. However, such training practices prove difficult in providing detailed assessment of the participants’ performance because of a number of factors including the number of participants and the complexity",2003,17,11,,,,,
C060,Form Fit and Function LLC ,NTSHMATMUFH7,dod_notice,2025,1,"This is a SOURCES SOUGHT NOTICE and is for �information purposes only� to prepare a one-time buy for NSN 3020-01-461-2732, PR number 7003834106, Part Number 626857-3. This is NOT a request for proposals, quotations or bids. This notice is for informational and planning purposes only and shall not be",2020,Reverse Engineering Technical Data Packages for Development of Alternate Sources of Supply,Phase II,SP4701-20-C-0069,"This SBIR Phase II proposal to the Defense Logistics Agency (DLA), requests funding for Form Fit and Function, LLC, a small disadvantaged, HUBZone Certified Business, to perform research, including where applicable, reverse engineering, in the development of an SAR package for 29 different NSNs for",2008,17,5,,,,,
C061,"FIDELITY COMTECH, INC.",EN6VSYHVL326,dod_contract,2012,1,"[$36,478] RF FRONT END INCLUSING ANTENNA",2014,Anti-Jamming Capability for RT-1944/U Radio,Phase II,N00024-15-C-4009,The Phase 1 SBIR project addressed a significant vulnerability of the SeaLancet RT-1944/U Communication System: its susceptibility to jamming. This vulnerability can affect the ability of the Navy to provide Mine Countermeasures because the SeaLancet is being used as part of the Mine Countermeasures,2005,7,-2,,,,,
C062,"Learntowin, Inc.",M47BF35WGFC5,dod_notice,2025,0,"This is a new SBIR Phase III award and it derives from, as well as extends, the effort performed under a prior SBIR funding agreement (FA8650-20-C-9207)",2022,Mobile Learning in a Flipped Classroom Model for METC,Phase I,FA8649-22-P-0425,"Learn to Win Inc. (L2W) proposes utilizing SBIR funding to research the effectiveness of a mobile platform for ""flipped classroom"" instruction at the Medical Education and Training Campus with the 59th Training Group. L2W's learning platform offers a powe",2019,6,3,,,,,
C063,MIKEL INC,JDUKDPBD4JT9,dod_notice,2020,0,"The proposed effort, entitled Advancing Next Generation Training Solutions (ANGTS) aims to advance Marine Corps training capabilities by evolving emerging training technologies (Augmented Reality), developing training capabilities for human-robot teams, improving operational visualizations for RF si",2017,Computer Network Defense Trainer,Phase I,N68335-17-C-0441,"In this Phase I SBIR, MIKEL Inc. will develop emulations of common cyber threats that can be safely and securely deployed on operational networks and systems to train battle staffs and computer network defense personnel to succeed in contested cyberspace environment. The solution will advance todays",2004,16,3,,,,,
C064,Coherent,MLF6FJ7FAVB3,nasa_project,2018,1,"[System-Level Segmented Telescope Design] In the next decade, NASA will develop large space-based observatories to answer for humankind the fundamental astronomy question of our age -- are we alone in the universe? Three such envisioned missions architectures -- the Origins Space Telescope (OST), th",2004,Space Qualifiable Laser Technology,,FA9451-04-M-0231,"High average power lasers are necessary for space-based missions such as long-range sensing and directed energy weapons. Such long-range sensors typically require kW-class power with low intensity noise, diffraction limited beam quality, and high efficiency. In order to meet these and other requirem",2003,15,14,,,,,
C065,NEUROWAVE SYSTEMS INC,J8LLPBAEMJG3,dod_notice,2017,0,The Office of Naval Research (ONR) is interested in receiving proposals for Long-Range Science and Technology (S&T) Projects which offer potential for advancement and improvement of Navy and Marine Corps operations. Readers should note that this is an announcement to declare ONR's broad role in comp,2020,Deployable Closed-Loop Sedation System for En-Route Care (AutoSED),Phase II,N68335-20-C-0249,"This Program aims at designing an under-the-litter platform - AutoSED - to transition the AutoTIVA technology (developed in the earlier phases of this Program) for use in an en-route care environment. The AutoTIVA was initially meant and designed as a clinical device, for use in clinical environment",2009,8,-3,,,,,
C066,Specialty Materials,XF2KLEYAM366,nasa_project,2012,1,[Boron/Graphite Hybrid Composites] <p>The goal of the effort was to demonstrate a 50% increase in compression after impact (CAI) strength of carbon/epoxy laminates with barely visible impact damage (BVID) by hybridization with boron fibers. The boron fibers were supplied in a carbon/epoxy hybrid lay,2023,"Design, Optimization and Characterization of Hybrids of Boron Fiber and HM63 Carbon Fiber for Department of Defense Appl",,SP4701-23-P-0030,Carbon fiber composites are strong in tension and significantly weaker in compression. This effect is exacerbated as the modulus of the carbon fiber increases. Boron fiber hybridized with carbon fiber mitigates this effect and creates a composite with a balanced set of mechanical properties. Special,2004,8,-11,,,,,
C067,MIKEL INC,JDUKDPBD4JT9,dod_notice,2023,0,"Security training solution that enables Navy Security Forces personnel to get the requisite number of repetitions in a realistic training environment that is also time, space, and cost effective. A virtual reality platform software already deployed and in use within another branch of service in the ",2017,Computer Network Defense Trainer,Phase I,N68335-17-C-0441,"In this Phase I SBIR, MIKEL Inc. will develop emulations of common cyber threats that can be safely and securely deployed on operational networks and systems to train battle staffs and computer network defense personnel to succeed in contested cyberspace environment. The solution will advance todays",2004,19,6,,,,,
C068,Radiometrics Corporation,QDJLBA6PKKX3,dod_contract,2019,1,"[$349,100] RAPTOR 924 MHZ RADAR WIND PROFILER",,Not Available,Phase II,,N/A,,,,,,,,
C069,COMPOSITES AUTOMATION LLC,PG9QN7GBQJ49,dod_contract,2019,1,"[$149,976] MODELING&SIMULATION FRAMEWORK FOR ROBUST PROCESS DESIGN OF THERMOSET PREPEGS",2021,Throughput Optimization for the Tailorable Universal Feedstock for Forming (TuFF) Process,Phase II,W911NF-21-C-0034,The Tailorable Universal Feedstock for Forming (TuFF) material and process overcomes previous short fiber alignment challenges with alignment quality sufficient to fully translate composite properties equivalent to continuous fiber composites with the in-plane stretchability like metal. This STTR pr,2017,2,-2,,,,,
C070,FIRST RF CORPORATION,LMF7NPZN43Z6,dod_notice,2020,0,"This contract is for the demonstration of an airborne prototype Multi User Distributed Lethality Relay (MUDLR) system to include high capacity backbone, multi-beam CDL and CORE with cross domain interface providing dynamic network discovery and management.",2018,High Gain Common Data Link (CDL) Antennas for Networking UAV Nodes,Phase II,N68335-18-C-0566,"In this Phase I effort, FIRST RF will develop and evaluate concepts enabling highly directive multi-beam TCDL communications using phased arrays integrated on the Fire Scout UAV platform. Phased array systems allow for dynamic beam steering with graceful degradation. Wide elevation patterns desirabl",2003,17,2,,,,,
C071,"Athena Gtx, Inc.",LMN2GL7N51H1,dod_notice,2017,1,This effort is to develop a Multi sensor system that is worn on the upper arm of the human.,2005,Sensor-based monitoring and intervention for gravity-induced loss of consciousness (GLOC),Phase I,N00014-05-M-0097,The Athena ISG/GTXtreme approach to this research and development effort is to leverage and expand on several current programs under contract with the US Navy. This will allow us to perform more work in Phase I than is normally expected and produce working prototypes to demonstrate the concepts pro,2005,12,12,,,,,
C072,"TECHNICAL DATA ANALYSIS, INC.",KCLCXA6CAD85,dod_notice,2015,0,"The Naval Air Systems Command (NAVAIR) awarded Delvivery Order, N00019-22-F-1203 in support of the H-53K Aviation Logistics Environment (ALE), FY22 Sustainment effort, under BOA N00019-19-G-0029 to Sikorsky Aircraft Corporation, a Lockheed Martin Company, of 6900 Main St., Stratford, CT 06615-9129, ",2019,Combined Analytical and Experimental Approaches to Rotor and Dynamic Component Stress Pred,Phase II,N68335-19-C-0232,"The objective of rotorwise™ is to provide better loads prediction for rotor components, leading to more accurate, more reliable fatigue life predictions and fleet management. rotorwise™ works as follows. In the modal domain, changes in the applied loads are related to changes in measured response (e",2008,7,-4,,,,,
C073,"Learntowin, Inc.",M47BF35WGFC5,dod_notice,2025,1,"Notice of Intent: Learn to Win Premium Software Licenses Renewals This notice serves to announce the intent of the 81st Contracting Squadron to award a sole source contract for a quantity of 504 each Learn to Win premium software licenses for the 81 Training Wing at Keesler Air Force Base, MS. The p",2019,"Learn to Win: Next Generation Training Platform for Elite Sports Teams, Re-tasked for Air ",Phase II,FA8649-19-C-A060,"Learn 2 Win is an interactive, mobile learning platform used by top football and basketball teams to train their athletes. Current clients include the University of North Carolina, University of Michigan, Stanford University, University of Notre Dame, many other NCAA programs, and over 400 high scho",2019,6,6,,,,,
C074,PIASECKI AIRCRAFT CORP,E11VKLMGHB65,dod_notice,2015,0,"The Naval Air Systems Command (NAVAIR) awarded Delvivery Order, N00019-22-F-1203 in support of the H-53K Aviation Logistics Environment (ALE), FY22 Sustainment effort, under BOA N00019-19-G-0029 to Sikorsky Aircraft Corporation, a Lockheed Martin Company, of 6900 Main St., Stratford, CT 06615-9129, ",2014,Innovative CH-53K Cargo Floor System,Phase I,N68335-15-C-0005,"Piasecki Aircraft Corporation (PiAC) proposes to develop an innovative cargo floor of Aluminum Isogrid construction that maintains durability while cutting the weight by a third from 1500lb to 1030lb. This design cuts floor panel numbers from 54 to 24, resulting in reduced maintenance labor. The des",2005,10,1,,,,,
C075,"PHASE FOUR, INC.",YBJLGEK2QL15,dod_notice,2022,1,"Energy Web Architectures. The Energy web study starts with understanding the energy is fundamental to national defense. It is currently expended to both create and deliver military effects. By harnessing emerging technologies in energy generation, storage, and distribution, DARPA can create a more f",2021,Low-cost High-power Solar Electric Propulsion for Enhanced In-Space Maneuverability,Phase I,FA8649-21-P-0685,"With space now a contested domain, the Space Force requires new space-based capabilities designed to outperform and outmaneuver near peer adversaries to ensure successful space operations can continue to be accomplished in support of warfighting efforts. In the pursuit of maintaining the United Sta",2020,2,1,,,,,
C076,Nanocomp Technologies,JJPDH7UQJ9M4,nasa_project,2018,1,"[Superlightweight Aerospace Composites] ​The Super-lightweight Aerospace Composites project will advance the maturation of carbon nanotube (CNT) reinforced composites to enable their application in aerospace structures. State of the art lightweight structures are constructed from aluminum, titanium,",2011,Lightweight Electromagnetic Interference (EMI) Shielding System for Aircraft Avionics,,N68335-12-C-0074,"A key technology enabler for next generation EMI shielding applications is low loss, lightweight, flexible, conductive carbon nanotube (CNT) tape. The primary goal of this effort is to determine the optimal geometry for a CNT based EMI shield to provide equivalent shielding effectiveness of cable ha",2007,11,7,,,,,
C077,"PANERATECH, INC.",P627E7JTH1N3,dod_contract,2012,1,"[$149,751] TRANSPARENCY SENSOR SYSTEM (TSS)",2016,Electrically Small Multiferroic Antennas,Phase II,FA9550-16-C-0029,"ABSTRACT: During Phase I, PaneraTech in partnership with UCLA-TANMS (NSF Center for Translational Applications of Nanoscale Multiferroic Systems) achieved a groundbreaking success by designing a multiferroic small antenna based on continuous spin rotation in ferromagnetic nanoelements in periodic el",2012,0,-4,,,,,
C078,NAVMAR APPLIED SCIENCES CORP,M7L6QRM22UN4,dod_notice,2021,0,"SMALL BUSINESS INNOVATION RESEARCH (SBIR) PHASE III JUSTIFICATION & APPROVAL FOR USE OF OTHER THAN FULL AND OPEN COMPETITION 1. Contracting Activity. Naval Air Warfare Center Aircraft Division (NAWC-AD) Lakehurst, NJ 2. Nature/Description of the Action Being Approved. This is a justification to awar",2016,Commandable Mobile Anti Submarine Warfare Sensor (CMAS),Phase II,N68335-16-C-0160,"The Commandable Mobile ASW Simulator (CMAS) operational need was identified by NAVAIR and by the Fleet community to obviate the use of fleet subsurface assets in the conduct of Navy RDT&E testing of airborne ASW acoustic sensor systems, as well as Fleet at-sea training of multi-static acoustic senso",2004,17,5,,,,,
C079,ADVANCED SILICON CARBIDE MATERIALS LLC,GLM6KPB8K1W7,dod_contract,2023,1,"[$3,545,288] RESEARCH & DEVELOPMENT",2020,Transparent CVC SiC Windows for THAAD,Phase II,HQ0860-20-C-7126,"Ceramics have utility as optically transparent materials in optical fibers, lenses, solid state lasers, optical windows, and heat-seeking devices for missile guidance systems. Polycrystalline ceramics are limited by the incident light that is scattered by microstructural features; higher scattering ",2019,4,3,,,,,
C080,Scigenesis,Y6M9Y7XFCNV6,nasa_project,2014,1,"[Thermally Reflective Ceramic Coating for Harsh Environment Applications] <p>In an effort to meet NASA thermal management needs, this project is enhancing an existing textile based thermal barrier coating technology (developed by SciGenesis) for use as a protective barrier technology for engine test",2009,Multi-Mechanistic Cosmetic Coating to Protect Skin from Thermal Injury,,W911QY-09-C-0037,"In this Small Business Innovative Research Phase I program, SciGenesis proposes to develop a multi-mechanistic cosmetic coating for the protection of military and first responders from flash fire and other intense thermal flux scenarios. Coatings will utilize a combination of mechanisms to increase ",2009,5,5,,,,,
C081,"COHERENT TECHNICAL SERVICES, INC.",J521EPLPW6L7,dod_notice,2019,0,"SMALL BUSINESS INNOVATION RESEARCH (SBIR) PHASE III JUSTIFICATION & APPROVAL FOR USE OF OTHER THAN FULL AND OPEN COMPETITION 1. Contracting Activity. Naval Air Warfare Center Aircraft Division (NAWC-AD) Lakehurst, NJ 2. Nature/Description of the Action Being Approved. This is a justification to awar",2008,Innovative Techniques of Modeling and Simulation for Commercial Derivative Aircraft Upset ,Phase I,N68335-08-C-0181,"The National Transportation Safety Board's accident database reveals that up to 40% of all commercial aviation fatalities are due to loss of control. The military is acquiring commercial-derivative aircraft for certain missions, and will fly these aircraft more aggressively, increasing the potentia",2006,13,11,,,,,
C082,"TURNAROUND FACTOR, INC.",HVYMKMSL4V68,dod_notice,2024,1,"Proposed procurement for NSN 6110004056216 REGULATOR,VOLTAGE A: Line 0001 Qty 16 UI EA Deliver To: DLA DISTRIBUTION SAN DIEGO By: 0002 DAYS ADO Approved sources are 07639 CSV2215-4; 1YG04 TAF-P-100-205. The solicitation is an RFQ and will be available at the link provided in this notice. Hard copies",2022,Reverse Engineering 6110-00-405-6216; 400Hz Regulator Circuit Card,Phase I,SP4701-22-P-0010,"TAF proposes to Reverse Engineer the 400 Hz voltage regulator circuit card, NSN 6110-00-405-6216, using salvaged parts and technical data. TAF has already acquired a salvaged part for analysis as well as several manuals to reduce technical risk during Phase I. TAF will create a Technical Data Packag",2013,11,2,,,,,
C083,EASEALERT LLC,WLVXMKJVQLQ5,dod_notice,2024,1,"1. Description of Work. The contractor shall provide all necessary labor, personnel, supervision, management, tools, equipment, transportation, materials and any other items necessary to remove and replace the current Westnet alerting station and install a new fire department alerting system in acco",2022,EaseAlert: Tactile Firefighter Alerting System Designed to Reduce Negative Cardiovascular ,Phase I,1R43HL164225-01A1,"Project Abstract Sudden cardiac death (SCD) has been the leading cause of on-duty death (ODD) in the fire service over the past several decades, accounting for 51.6% of all ODDs in 2019. The primary factors that contribute to SCD among firefighters are overexertion and stress, and SCD is most likely",2022,2,2,,,,,
C084,NAVMAR APPLIED SCIENCES CORP,M7L6QRM22UN4,dod_notice,2021,0,"SMALL BUSINESS INNOVATION RESEARCH (SBIR) PHASE III JUSTIFICATION & APPROVAL FOR USE OF OTHER THAN FULL AND OPEN COMPETITION 1. Contracting Activity. Naval Air Warfare Center Aircraft Division (NAWC-AD) Lakehurst, NJ 2. Nature/Description of the Action Being Approved. This is a justification to awar",2010,Coherent Active Sonar Waveform Analysis Using Pressure/Velocity Phase Comparison for Impro,Phase II,N68335-10-C-0494,"Navmar Applied Sciences Corporation was awarded a Phase I SBIR program for the Coherent Active Sonar Waveform Analysis Using Pressure/Velocity Phase Comparison for Improved Detection and Classification (Topic No. N091-010) under Contract No. N68335-09-C-0196, dated 14 April 2009 (based on Proposal N",2004,17,11,,,,,
C085,SMART INFORMATION FLOW TECHNOLOGIES LLC,HT19FEFNVXC5,dod_contract,2023,1,"[$149,934] ARAKNI: ADVERSARY REASONING ASSEMBLING KNOWLEDGE NETWORKS WITH INTEGRITY",2025,HORATIO: Hybrid Online Recognition of Adversary Tactics in Information Ops,Phase II,140D0425C0010,"Information operations (IO) operators attend to large volumes of data across regions, timescales, languages, platforms, and adversaries. Complex AI and machine learning tools can detect indicators of influence but the operator -- who may be a novice in AI, ML, and social science -- is left to integr",2006,17,-2,,,,,
C086,"Athena Gtx, Inc.",LMN2GL7N51H1,dod_notice,2025,0,Closed Loop Sedation and Anesthesia Delivery System for ACCS Delivery System for ACCS,2017,Intranasal Cooling for Encephalopathy Prevention (ICEP),Phase I,M67854-17-C-6551,"Traumatic Brain Injury (TBI) is the signature injury of current conflicts accounting for approximately 20-25% combat casualties. Commercially, it is the primary cause of worldwide morbimortality in people under 45 years old. In the USA, TBI is estimated to be 1.5 million cases annually, resulting in",2005,20,8,,,,,
C087,"VRC Metal Systems, LLC",N74FCX6AGAZ5,dod_notice,2023,1,"In Accordance with FAR Part 5.2 NAVSEA is announcing the award of Contract N00024-17-C-4020 to VRC METAL SYSTEMS, LLC. on 9/215/2017. The contract was not synopsized in accordance with FAR 5.301(b)(2). The contract was awarded under the Rapid Innovation Fund (RIF) Program, which is a follow-on progr",2025,Mobile Automated Robotic Corrosion Repair,Phase I,W51701-25-C-0025,"Army structures and vehicles often suffer from corrosion and battle damage, necessitating remediation. However, Army depots and forward operating locations lack the necessary utilities, equipment, and infrastructure for efficient repairs, resulting in downtime and availability issues. to address thi",2015,8,-2,,,,,
C088,"Athena Gtx, Inc.",LMN2GL7N51H1,dod_notice,2021,0,"This action is a result of previous Other Transaction Agreement (OTA). Vertex (incumbent, Woman Owned Small Business) will receive a Small Business Innovative Research (SBIR) Phase III prototype, FAR based, contract to deliver future/maintain current prototype devices. The Phase III prototype follow",2005,Sensor-based monitoring and intervention for gravity-induced loss of consciousness (GLOC),Phase I,N00014-05-M-0097,The Athena ISG/GTXtreme approach to this research and development effort is to leverage and expand on several current programs under contract with the US Navy. This will allow us to perform more work in Phase I than is normally expected and produce working prototypes to demonstrate the concepts pro,2005,16,16,,,,,
C089,EOSPACE INC.,JAUFFPDZBAG2,dod_notice,2025,1,"EOSPACE, Inc.* of Redmond, Washington is being awarded a competitive firm-fixed-price contract valued at $10.5 million. Under this new contract, the contractor will increase the production rate and affordability of high energy phase modulators. The work will be performed in Redmond, Washington. The ",2026,High Performance Electro-optic Modulator Designed for Military Aircraft,Phase I,N68335-26-C-0056,"Thin-Film Lithium Niobate (TFLN) electro-optic (EO) modulators offer performance unmatched by legacy systems for airborne receivers, bringing weight savings, bandwidth increase, EMI protection and increased dynamic range. However, this new technology requires development to handle the harsh naval av",2004,21,-1,,,,,
C090,BIHRLE APPLIED RESEARCH INC,M5AKXCM37D31,dod_notice,2023,0,"This awarded sole source order is for Software Acquisition Management Support. Additional information can be found in the redacted Justification and Approval (J&A), attached.",2021,Architecture for Experimental Research and Operational Data Acquisition Control (AERODAC),Phase II,FA8649-21-P-1491,"The Test and Evaluation of new military and commercial hardware and software systems demand Data Acquisition and Control resources capable of supporting high performance measurement, analysis and display requirements of new systems. To support this need, Bihrle Applied Research Inc. (BAR) has develo",2005,18,2,,,,,
C091,MIDE TECHNOLOGY CORPORATION,C6C8KS7Y1K76,dod_contract,2027,1,"[$195,416] LHD 7 BULKHEAD SHAFT SEAL INSTALLATION AND TEST TASK ORDER (PID: N64498-26-NORFP-PD-42-0115). SEE BASE CONTRACT STATEMENT OF WORK.",,Temperature responsive fibers for variable loft insulation,Phase II,W911QY-04-C-0010,"Current clothing systems work on the principle of layering and are very effective. They do have the disadvantage, however, of being bulky and complex because they are usually made up of many parts. These problems are serious enough for the soldier thatmust carry them to warrant a constant effort in ",2003,24,,,,,,
C092,KENNON PRODUCTS INC,VS7RME6MLKS5,dod_contract,2018,1,"[$20,900] 8505157291!FITTING,STRUCTURAL",2024,Reusable Wash Covers for F-22 Raptor,Phase II,FA8649-24-P-0628,"Routine maintenance for the F-22 Raptor requires routine aircraft washes to ensure the integrity of its stealth coating, especially in humid or salt-laden climates. To prevent damage to the aircraft, maintainers are required to cover all flight critical areas with single use barrier paper and tape, ",2006,12,-6,,,,,
C093,"GATR TECHNOLOGIES, INC.",TNMNYWRNFDK9,dod_contract,2015,1,"[$91,369] IGF::OT::IGF INFLATABLE SATELLITE ANTENNA AUTOMATED INFLATION UNIT AND SPARES",2015,GATR FLEX SATCOM Antenna Terminal,Phase II,FA8650-15-C-5226,"ABSTRACT:This project will develop, test, and deliver a lightweight satellite communications (SATCOM) terminal that uses a flexible parabolic reflector antenna that can be folded or rolled for storage, yet re-acquire its precision shape upon deployment. This Phase II SBIR will assist in maturing GAT",2005,10,0,,,,,
C094,"DISCOVERY MACHINE, INC.",JJ9BBEJC9K18,dod_contract,2025,1,"[$1,899,991] AFFORGEN VIRTUAL ADVISOR TACFI",,Intelligent Automated Software Construction through Researcher Modeling,Phase II,DAAH0101CR050,"The objective of this proposal is to investigate a set of software tools that aid researchers (i.e. scientists, inventors, designers, planners, or investors) in solving complex problems over large sets of data. The DiscoveryToolsTM system will provide acustomer-centered approach to computer automati",2004,21,,,,,,
C095,"NETBIO, INC.",T8DGLZAMYPY3,dod_contract,2016,1,"[$983,000] ANDE 6C SYSTEMS IGF::CT::IGF",2011,Low Cost and Rapid DNA-Based Biometric Device,Phase II,H92222-11-C-0030,"Sensitive site exploitation activities are focused on collecting forensic evidence left behind by persons involved in terrorist or other illegal activity, and the biological evidence recovered is often referred to as&quot;touch DNA samples&quot;. Touch samples include fingerprints, skin cells found ",2011,5,5,,,,,
C096,IMAGINE ONE TECHNOLOGY &amp; MANAGEMENT LTD,GLLCK3UKSYU8,dod_contract,2014,1,"[$70,827] ENGINEERING SUPPORT SERVICES",2010,Business Process Transformation Tool for Rapid Reconfiguration of Navy Systems,Phase II,N66001-10-C-0132,"The innovative solutions contained in this Imagine One proposal will provide the Navy with the capability to dynamically reconfigure systems, and create FORCEnet Engagement Packs (FNEP). Our solution will include a set of Automated Battle Management Aids (ABMA) which will automatically generate new ",2004,10,4,,,,,
C097,LINQUEST CORPORATION,HQBRRJBLDQ37,dod_contract,2026,1,"[$17,755,971] DIGITAL INTEGRATION FOR HAWKEYE",2006,Field Programmable Gate Array Based Channelizer,Phase II,FA9453-06-C-0041,Our proposed radiation hardened FPGA based turbo codec development has two primary objectives critical to reducing risk on the Transformational Communication Satellite (TSAT) program. The first objective is to develop an innovative highly efficient turbo codec core solution that supports TSAT. TSAT ,2005,21,20,,,,,
C098,"GATR TECHNOLOGIES, INC.",TNMNYWRNFDK9,dod_contract,2014,1,"[$342,058] THE PURPOSE OF DELIVERY ORDER 0005 IS TO PROCURE ONE (1) 2.4M X-BAND ISA WITH ONE (1) KU UPGRADE KIT, ONE (1) UPS SYSTEM, ONE (1) COMPACT POWER SUPPLY (INCLUDE 2 2590 BATTERIES), ONE (1) E850 MODEM AND ONE (1) TOUGH BOOK CF31, ONE (1) SPECTRUM ANALYZER FSH6 WHICH WILL BE SUPPLIED AS GOVER",2015,GATR FLEX SATCOM Antenna Terminal,Phase II,FA8650-15-C-5226,"ABSTRACT:This project will develop, test, and deliver a lightweight satellite communications (SATCOM) terminal that uses a flexible parabolic reflector antenna that can be folded or rolled for storage, yet re-acquire its precision shape upon deployment. This Phase II SBIR will assist in maturing GAT",2005,9,-1,,,,,
C099,"INNOVATIVE DEFENSE TECHNOLOGIES, LLC",QEHMNH93DYH6,dod_contract,2018,1,"[$746,154] IGF::OT::IGF ENGINEERING AND ADMINISTRATIVE SERVICES",2024,Model Based Driven Automated Analysis for Army Aviation Systems,Phase II,W51701-24-C-0040,Innovative Defense Technologies (IDT) is proposing an Automated Test and Re-Test (ATRT) capability to create assurance tests directly from either an Architecture Analysis and Design Language (AADL) system model and/or Systems Modeling Language (SysML) model for the Gunslinger and Module Effects Laun,2006,12,-6,,,,,
C100,"ASK SAGE, INC.",W9X4EWLUBAW1,dod_contract,2027,1,"[$717,500] ASK SAGE SUPPORT FOR DA G2",2025,From Months to Minutes: Transforming Cyber Security Assessments with Generative AI,Phase II,FA8649-25-P-0322,"This project aims revolutionize the Department of the Air Force’s (DAF) approach to the Risk Management Framework (RMF). By automating RMF compliance procedures, documentation, risk assessments, and monitoring, Ask Sage addresses critical gaps in cybersecurity governance, enhancing mission assurance",2023,4,2,,,,,
C101,IMAGINE ONE TECHNOLOGY &amp; MANAGEMENT LTD,GLLCK3UKSYU8,dod_contract,2014,1,"[$2,184,354] ENGINEERING SUPPORT SERVICES",2010,Business Process Transformation Tool for Rapid Reconfiguration of Navy Systems,Phase II,N66001-10-C-0132,"The innovative solutions contained in this Imagine One proposal will provide the Navy with the capability to dynamically reconfigure systems, and create FORCEnet Engagement Packs (FNEP). Our solution will include a set of Automated Battle Management Aids (ABMA) which will automatically generate new ",2004,10,4,,,,,
C102,"ADVANCED CERAMICS RESEARCH, IN",TKTAE1Q7ZPL8,dod_contract,2005,1,"[$2,311,930] 200502!002739!1700!N00014!OFFICE OF NAVAL RESEARCH !N0001403D0247 !A!N! !N!0006 ! !20041123!20050325!602374951!602374951!602374951!N!ADVANCED CERAMICS RESEARCH, IN!3292 E HEMISPHERE LOOP !TUCSON !AZ!85706!77000!019!04!TUCSON !PIMA !ARIZONA !+000001550000!N!N!000000000000!AC63!RDTE/ELECT",,Not Available,Phase II,N00014-00-C-0329,N/A,2004,1,,,,,,
C103,"EDAPTIVE COMPUTING, INC.",ULSZZUD8P7W7,dod_contract,2015,1,"[$317,979] IGF::OT::IGF SECURE ETS PRELIM VULNERABILITY ANALYSIS OF ELECT MED DEVICE",,Rapid and Effective Analysis and Capture TOol suite for RF System Specification (REACTOR),Phase II,F33615-02-C-1163,"""EDAptive Computing, Inc. (EDAptive), University of Kansas (KU) and Hirsch Engineering and Communications, Inc. (HEC) are pleased to present this proposal for a unique and commercially viable solution to the problem of automated analysis and intuitivecapture of RF System specifications. Our Rapid & ",2003,12,,,,,,
C104,RISE8 INC,FZG5H96FF1V4,dod_contract,2027,1,"[$5,919,237] THE PRIMARY PURPOSE OF THIS REQUIREMENT IS TO CREATE A TASK ORDER OFF OF AFWERX SOFTWARE DELIVERY ORGANIZATION (SDO) INDEFINITE-DELIVERY INDEFINITE-QUANTITY (IDIQ) CONTRACT FA873023DB004 TO RISE8 INC. WITH THE REQUIREMENT NAME DCG-T CET SUPPORT",2025,Continuous Delivery of Space C2 Apps on Warp Core,Phase II,FA8806-25-C-B003,"SSC/BCCB leads the delivery of Operational Command and Control (Ops C2) capabilities for the U.S. Space Force (USSF). These capabilities provide critical support for Space Domain Awareness, Coalition and Theater Operations, Battle Management Command and Control (BMC2), and Indications and Warning (I",2022,5,2,,,,,
C105,"DARK WOLF SOLUTIONS, LLC",K8KVUFQMGYV5,dod_contract,2023,1,"[$985,105] PKS-WARREN-PENNO: CYBER INNOVATION TO18 AWARD HBCU",2021,PTaaS OS,Phase II,FA8649-21-C-0008,"Dark Wolf Solutions proposes a Penetration Testing as a Service Open Source (PTaaS-OS) solution that utilizes open source technologies to combine security frameworks, such as NIST Risk Management Framework (RMF) and Payment Card Industry (PCI), with software automation and machine learning to integr",2019,4,2,,,,,
C106,ARMAMENTS RESEARCH COMPANY INC.,F6KMMJAFFB47,dod_contract,2021,1,"[$1,469,910] SBIR PHASE III AI BASED SITUATIONAL AWARENESS FOR GROUND FORCES TASK ORDER 003",2023,Tactical Efficient Response and Replay Application (TERRA) STRATFI Proposal,Phase II,FA4417-23-C-0004,"The 371st Special Operations Combat Training Squadron (371 SOCTS), Air Force Special Operations Command (AFSOC), and the United States Air Force (USAF) lack the required tools to enable commanders’ rapid, reliable, and precise information sharing to enabl",2019,2,-2,,,,,
C107,"ILLUMINATION WORKS, LLC",U17XMHNJPFL6,dod_contract,2023,1,"[$8,465,017] DATA ANALYTICS AS A SERVICE DAAAS SBIR PHASE III TASK ORDER 01",2024,Theia Automated Data Labeling and Curation,Phase II,W51701-24-C-0139,"The Army intelligence community seeks an artificial intelligence (AI)-based automated and reliable data labeling and curation system that allows users to quickly search for, filter, and select datasets for further downstream analysis. Through a Phase I Small Business Innovative Research (SBIR) effor",2019,4,-1,,,,,
C108,SEHLKE CONSULTING LLC,E1BDKBCFD2A7,dod_contract,2021,1,"[$4,659,855] SBIR PHASE III INFORMATION TECHNOLOGY RISK AND ANALYSIS SUPPORT FOR IC4",2019,Open Call for Innovative Defense-Related Dual-Purpose Technologies/Solutions with a Clear Air Force Stakeholder Need,Phase II,FA8649-19-C-A023,"The Department of Defense (DoD) has well known and longstanding challenges related to financial management (FM), audit readiness and labor intensive administrative processes. In close collaboration with Air Force partners, internal customers, and to support the enablement of full-spectrum readiness,",2019,2,2,,,,,
C109,APTIMA INC,K1GCPNNZKEN7,dod_contract,2024,1,"[$12,801,080] SBIR PHASE III TASK ORDER CHIEF MODELING SIMULATION OFFICE CMSO",,T-TRANE: Teamwork Training and Remote Assessment in a Networked Environment,Phase II,F33615-03-C-6337,"The goal of this work is to develop a web-enabled scenario-based teamwork skills training program for adaptive, rapidly deployable military teams. The program will provide a completely portable training system that allows teams to increase theirreadiness before and after deployment, whether they are",2003,21,,,,,,
C110,"IST RESEARCH, LLC",L5SPUJ6EPWB6,dod_contract,2023,1,"[$7,579,903] IST DO24 SOCEUR INITIAL AWARD. SBIR PHASE III DERIVED FROM WORK COMPLETED UNDER COMPETITIVELY AWARDED SBIR PHASE I CONTRACTS N00014-12-M-0115, D17PC00004 AND SBIR PHASE II CONTRACTS W911QX-13-C-0173, W911NF-14-C-0031, W911NF-17-C-0014.",2018,Pulse Radar for Inferring Intent from Social Media (PRIISM),Phase II,FA8650-18-C-6900,PRIISM (Pulse Radar to Infer Intent from Social Media) will advance IST Research’s Pulse Platform for online data monitoring and active audience engagement to build a tool that automatically detects intent to act to harm US overseas forces expressed through publicly available information (PAI). PRII,2011,12,5,,,,,
C111,"SABEL SYSTEMS TECHNOLOGY SOLUTIONS, LLC",F65SGFW2TUC6,dod_contract,2021,1,"[$277,465] DYESS FLIGHTLINE DIGITAL DATA CONNECTIVITY UPGRADE AND TEST & EVALUATION SBIR PHASE III TASK ORDER 21",2019,Re-Creatable and Tailorable Cloud-based Digital Engineering Environment â€œDigital Engineering Toolboxâ€�,Phase II,FA8751-19-C-A063,"The Sabel Technology Solutions, LLC SBIR entitiled Re-Creatable and Tailorable Cloud-based Digital Engineering Environment â€œDigital Engineering Toolboxâ€� Solution Phase I objective was to assess the market potential for a standard baselines of a DEE; including documenting data types, transfer met",2018,3,2,,,,,
C112,LINQUEST CORPORATION,HQBRRJBLDQ37,dod_contract,2021,1,"[$85,306,754] DIGITAL ENGINEERING RESEARCH AND DEVELOPMENT FOR AFLCMC SBIR PHASE III TASK ORDER 002",2006,Field Programmable Gate Array Based Channelizer,Phase II,FA9453-06-C-0041,Our proposed radiation hardened FPGA based turbo codec development has two primary objectives critical to reducing risk on the Transformational Communication Satellite (TSAT) program. The first objective is to develop an innovative highly efficient turbo codec core solution that supports TSAT. TSAT ,2005,16,15,,,,,
C113,"DEFENSE UNICORNS, INC.",VVNBQBAWMBG8,dod_contract,2022,1,"[$65,029,021] AIR GAP SOFTWARE DELIVERY SBIR III TO 1 SBIR PHASE III DERIVED FROM WORK COMPLETED UNDER COMPETITIVELY AWARDED SBIR/STTR PHASE I CONTRACT FA8649-21-P-1315 FROM TOPIC AF21A-TCSO1.",2025,Edge-Ready Identity Powered by UDS,Phase II,FA8649-25-P-0441,"The Department of the Air Force (DAF) requires an Identity, Credential, and Access Management (ICAM) solution that performs reliably in Denied, Degraded, Intermittent, and Limited (DDIL) environments. Traditional cloud-based identity systems are not designed for disconnected or contested operations.",2021,1,-3,,,,,
C114,"KBR WYLE SERVICES, LLC",QWBYGNFNT4T6,dod_contract,2025,1,"[$6,387,939] SBIR PHASE III TASK ORDER 06 SPACE SITUATIONAL AWARENESS AND MISSION ASSURANCE IN SPACE OPERATIONS",2019,OPENER: Occupancy Profiles for ENErgy Reduction,Phase II,FA8051-19-C-A009,Our Occupancy Profiles for ENErgy Reduction (OPENER) effort provides critical new technology and innovative features to support the Air Forceâ€™s requirement for â€œOccupancy assessment and control of smart buildings and resilient infrastructure.â€� OPENER leverages existing operational situational ,2004,21,6,,,,,
C115,202 GROUP LLC,FPQ6XDL31YX5,dod_contract,2020,1,"[$4,643,082] ACQUISITION OF MANAGED SERVICE, UNDER A SBIR PHASE III CONTRACT, TO PROVIDE SUPPLY CHAIN RISK MANAGEMENT, VENDOR DUE DILIGENCE, AND DEFENSE INDUSTRIAL BASE ILLUMINATION IN RESPONSE TO THE ACTIVATION OF THE DEFENSE PRODUCTION ACT.",2019,Open Call for Innovative Defense-Related Dual-Purpose Technologies/Solutions with a Clear Air Force Stakeholder Need,Phase II,FA8808-20-C-0022,202 Groupâ€™s Market Intelligence Platform uses commercially available technology to illuminate the Industrial Base and investigate vendors within the supply chain by harnessing a vast amount of global Publicly Available Information (PAI). This proposal is to adapt 202 Group's Market Intelligence Pl,2019,1,1,,,,,
